,36314,60700,60838,176870,208908,216239,644241,3081361,5330286,5479543,6505803,6918837,9826528,10127622,10302451,10461815,11433190,11476171,11503417,11626560,11656518,16038120,24180719,135611162
22RV1_PROSTATE,0.008228042,0.099058755,0.080764666,8.0,7.8473053,6.81924,8.0,8.0,8.0,8.0,0.32970170000000004,0.027688215,8.0,8.0,8.0,8.0,8.0,2.329924,8.0,3.7728956,5.3658667,4.144046,8.0,5.879254
42MGBA_CENTRAL_NERVOUS_SYSTEM,0.002542614,0.039293982000000005,0.0,8.0,8.0,8.0,0.0,8.0,0.0,3.2677523999999996,0.053038094,0.068957984,5.87059,8.0,4.5979495,8.0,8.0,2.6821299,8.0,8.0,0.0,2.827591,8.0,0.22924733
5637_URINARY_TRACT,0.002920167,0.17350183,0.06704437,2.4395125,2.3077676,7.1661363,7.4753547000000005,3.3984034,8.0,8.0,0.07082279,0.04879194,8.0,8.0,3.1922367,8.0,8.0,5.002314,8.0,7.2356039999999995,1.0646656,2.4730944999999998,3.7384524,5.962202
639V_URINARY_TRACT,0.0025,0.04371729,0.06956872,8.0,8.0,8.0,8.0,4.1689476999999995,8.0,8.0,0.1500945,0.08150626,8.0,8.0,8.0,8.0,8.0,1.7361813999999998,8.0,5.662527,2.7799982999999995,2.2175808,8.0,3.3139575
697_HAEMATOPOIETIC_AND_LYMPHOID_TISSUE,0.002542614,0.03380843,0.03499204,4.2329645,0.8494761999999999,6.3825607,1.9104343999999998,5.612644,0.8475803,0.3328927,0.42257124,0.011503134,8.0,8.0,7.2618833,3.275442,1.8905237000000001,4.260822,8.0,2.3897722000000003,0.18305760000000001,0.8404493000000001,1.6995686,0.79090726
769P_KIDNEY,0.20456108,0.51258737,0.7408179,2.3250973,1.0574611,8.0,8.0,2.5670395,6.6996226,8.0,0.15179879999999998,0.08745406,1.4542716999999998,8.0,1.07131,7.150411,5.591302,8.0,8.0,7.862992299999999,1.0623457,6.659093400000001,8.0,4.258597
786O_KIDNEY,0.2133125,0.070824966,0.20922014,8.0,7.1780353,7.3938103,8.0,0.0,8.0,8.0,0.27953023,0.23768620000000001,8.0,8.0,8.0,8.0,8.0,7.6131477,8.0,8.0,6.630919500000001,8.0,0.0,8.0
8305C_THYROID,0.009948481,0.12189111,0.5028229999999999,8.0,8.0,8.0,5.63525,8.0,5.3393083,8.0,0.37540126,0.050731044,0.5444446,8.0,8.0,8.0,8.0,4.950636,8.0,6.236500299999999,1.0202181000000001,2.5322595000000003,5.3133707,8.0
8505C_THYROID,0.010207787,0.08654926,0.12469602,8.0,8.0,8.0,6.852528599999999,8.0,8.0,8.0,0.28217494,0.06885213400000001,0.37788337,8.0,8.0,8.0,8.0,8.0,8.0,8.0,1.416328,6.509104,8.0,7.689665299999999
8MGBA_CENTRAL_NERVOUS_SYSTEM,0.0025,0.31726998,0.0,7.7213883,5.2266197,8.0,0.0,2.2451396,0.0,8.0,0.23495263,0.11275625,8.0,8.0,4.4914865,8.0,8.0,3.8883410000000005,0.041985605,8.0,0.0,2.3790035,8.0,0.5344665
A172_CENTRAL_NERVOUS_SYSTEM,0.030916000000000003,0.28293887,0.5086028,8.0,8.0,8.0,8.0,8.0,8.0,8.0,0.26749858,0.10136784,8.0,8.0,8.0,8.0,8.0,8.0,8.0,8.0,3.6512175000000004,2.5308206,8.0,4.534608400000001
A204_SOFT_TISSUE,0.006528344,0.41938305,0.16683416,8.0,7.3998327,0.5308588000000001,1.0819944,1.6361996,8.0,8.0,0.029675882,0.023814078,5.2306547,8.0,6.0749955,8.0,8.0,5.1503120000000004,8.0,3.8207807999999996,0.33127552,2.659319,8.0,0.63951606
A253_SALIVARY_GLAND,0.0035669020000000003,0.08375285,0.0,8.0,8.0,8.0,8.0,8.0,8.0,8.0,0.33954486,0.06320968,8.0,8.0,8.0,8.0,8.0,8.0,8.0,8.0,2.6165272999999996,8.0,8.0,8.0
A2780_OVARY,0.0046488829999999995,0.06386264400000001,0.061784048,8.0,7.146677499999999,4.005534,6.8046940000000005,2.500408,8.0,6.471118499999999,0.0311099,0.054937102,0.06419707,1.5796169,8.0,8.0,4.0657296,6.508904,8.0,3.0424712000000005,1.2503096000000002,1.4944941,8.0,1.3949726
A375_SKIN,0.007149658000000001,0.3248003,0.1461559,8.0,8.0,7.351114,8.0,8.0,8.0,8.0,0.16973723,0.04676863,0.007476748,0.10683089,8.0,8.0,8.0,2.7554235,8.0,5.895262000000001,0.6226772,1.0738806,0.2582877,3.6419744
A549_LUNG,0.004999789,0.9383823,0.41240022,8.0,4.2272463,6.775072,6.038893700000001,8.0,8.0,8.0,0.06676174,0.04864376,0.17154332,2.1220982000000004,8.0,8.0,8.0,1.9547868999999998,8.0,5.7821620000000005,0.99483645,1.6377587,8.0,3.8272426
A673_BONE,0.0025,0.036970902,0.0,8.0,8.0,8.0,0.0,4.943872,8.0,8.0,0.19815251,0.036663793,8.0,8.0,8.0,8.0,8.0,1.1276772,8.0,2.2693079,0.80969167,1.2438726,8.0,8.0
ACHN_KIDNEY,0.095161244,0.10209295,0.0,4.9970913,8.0,8.0,0.0,1.943827,0.0,8.0,0.6782609,0.045732774000000004,8.0,8.0,4.3729544,8.0,8.0,7.6729093,8.0,8.0,0.31764549999999997,2.9604504,8.0,5.099846400000001
AMO1_HAEMATOPOIETIC_AND_LYMPHOID_TISSUE,0.006434356,0.064710945,0.12839118,8.0,0.25644666,6.9086536999999995,2.2264557000000003,3.8644027999999997,8.0,3.8801663,0.025441425,0.013303595,0.7398853,8.0,8.0,4.206129,5.4584,0.19450995,8.0,4.8411355,2.3818192000000002,0.38525707,8.0,2.7257849999999997
AN3CA_ENDOMETRIUM,0.008545323,4.924846,0.0,8.0,8.0,8.0,8.0,1.5007056,7.0549417000000005,8.0,0.07433415,0.11732212,8.0,8.0,8.0,8.0,8.0,8.0,8.0,8.0,4.14551,8.0,8.0,4.424172
ASPC1_PANCREAS,0.016337321999999998,2.3511012000000004,0.79206234,8.0,2.7856276,8.0,8.0,2.9874042999999997,8.0,8.0,0.07231021,0.037931632,0.13818637,1.2715777,8.0,8.0,8.0,1.4277748,8.0,5.5889835,0.93640953,1.2241582,8.0,4.859763
AU565_BREAST,0.005203366,0.13572697,0.0,8.0,0.18320952,8.0,7.8791947,8.0,7.564302400000001,3.0600680000000002,0.0233486,0.032399986,8.0,8.0,8.0,8.0,8.0,8.0,8.0,8.0,3.2956812000000006,8.0,8.0,7.390177
BCPAP_THYROID,0.0025,0.37683415,0.2006582,8.0,8.0,2.1394134,7.456086999999999,8.0,8.0,8.0,0.21062939,0.08835746,1.60476,8.0,8.0,8.0,8.0,5.1052547,8.0,8.0,0.71558374,1.7819275,8.0,7.9839782999999995
BDCM_HAEMATOPOIETIC_AND_LYMPHOID_TISSUE,0.0032388729999999998,0.08975698,0.0,8.0,8.0,8.0,8.0,0.9713985999999999,1.9166074,8.0,0.20434438,0.083499774,0.32474542,0.46506146,0.62597644,8.0,8.0,4.9726343,8.0,8.0,7.147446,8.0,8.0,6.1387877
BFTC909_KIDNEY,0.012214486,0.28148657,0.0,8.0,8.0,0.0,8.0,8.0,8.0,8.0,0.10465266599999999,0.08415782,8.0,8.0,8.0,8.0,8.0,8.0,8.0,8.0,8.0,7.229048700000001,8.0,6.792266400000001
BL41_HAEMATOPOIETIC_AND_LYMPHOID_TISSUE,0.002803592,0.14750245,0.0480474,8.0,5.895986,8.0,8.0,8.0,8.0,8.0,0.7643895,0.04118455,8.0,8.0,8.0,8.0,8.0,8.0,8.0,6.840538499999999,7.086441000000001,8.0,8.0,4.997859
BL70_HAEMATOPOIETIC_AND_LYMPHOID_TISSUE,0.00982259,0.05818942,0.04605921,8.0,8.0,8.0,8.0,2.0616882,4.529109,8.0,0.28438994,0.012748002,8.0,8.0,1.6890391,6.465454599999999,8.0,8.0,8.0,4.0589275,5.1812606,8.0,8.0,3.4904125
BT20_BREAST,0.002542614,1.1017526000000002,0.26911430000000003,8.0,8.0,8.0,8.0,3.6630716,8.0,8.0,8.0,0.05708008,8.0,8.0,7.055198,8.0,8.0,8.0,8.0,8.0,8.0,7.6263747,8.0,8.0
BT474_BREAST,0.016556622,8.0,0.0,8.0,0.116183236,6.4629507,6.8925410000000005,8.0,8.0,4.4680886,0.044726733,0.019058252,8.0,8.0,3.0937493,6.848634700000001,8.0,8.0,8.0,8.0,8.0,8.0,8.0,8.0
BT549_BREAST,0.005155943,0.079294346,0.12476116400000001,8.0,8.0,6.4086947,8.0,4.1045117,8.0,8.0,0.020397235,0.11480117599999999,8.0,8.0,8.0,8.0,8.0,5.445251,8.0,7.5687194,1.1558796999999998,5.3957067,8.0,3.9108050000000003
BXPC3_PANCREAS,0.010283806999999999,0.37569547,0.0,8.0,4.5997863,8.0,0.0,8.0,0.0,8.0,0.18733622,0.11038089,0.25243124,8.0,2.7721515,8.0,8.0,2.8243348999999998,8.0,8.0,0.0,5.210794,3.0006967,6.844848
C2BBE1_LARGE_INTESTINE,8.0,4.397678,0.0,8.0,4.0993447,8.0,6.821021000000001,1.4577608999999998,8.0,8.0,0.7770577,0.054440595,8.0,8.0,0.9852700999999999,8.0,8.0,3.098077,8.0,8.0,8.0,1.5635142,8.0,8.0
C32_SKIN,0.09992994,0.27757472,1.6368029,8.0,8.0,8.0,8.0,8.0,8.0,8.0,0.006673546999999999,0.5973054,0.08952288,1.360163,8.0,8.0,8.0,6.354581,8.0,8.0,8.0,8.0,2.2069776,8.0
C3A_LIVER,8.0,1.2777458000000002,0.0,8.0,8.0,8.0,0.0,3.6380470000000003,8.0,8.0,0.0277278,0.033166956000000004,0.6875344,8.0,8.0,8.0,8.0,3.1949224,8.0,8.0,3.5102,8.0,8.0,8.0
CAKI2_KIDNEY,0.012742911,2.4707022000000003,2.4175763,5.1828527,8.0,8.0,8.0,2.7001128,8.0,8.0,0.4203893,0.10296394,3.0273192000000004,8.0,3.0291335999999998,8.0,8.0,8.0,8.0,8.0,0.915782,8.0,8.0,7.215180999999999
CAL12T_LUNG,0.006088181,1.7661213,0.0,0.59518045,1.9516664000000001,7.762419,0.0,0.6988,0.0,0.0,0.18384103,0.051543295,0.30905372,3.3175739999999996,1.6952778000000002,8.0,8.0,0.79547656,8.0,3.533518,0.0,0.6903496,5.935973000000001,1.1861716999999998
CAL27_UPPER_AERODIGESTIVE_TRACT,0.002677772,0.11951409,0.0,0.24757698,0.68877125,8.0,0.0,0.465476,8.0,8.0,0.16681878,0.051821172,0.1338901,0.43797702,1.1805,8.0,8.0,5.3876724000000005,8.0,5.0776453,2.6564607999999996,3.846339,8.0,7.209641
CAL78_BONE,0.005585133000000001,0.5238595,0.28571240000000003,8.0,8.0,8.0,8.0,8.0,8.0,8.0,0.09958667,0.08087268,8.0,8.0,8.0,8.0,8.0,5.5219059999999995,8.0,7.8058257,8.0,3.5341693999999997,8.0,2.7398486
CAL851_BREAST,0.016368471000000002,0.6095316,0.26240698,0.87051445,1.8995482,8.0,8.0,0.8272558000000001,8.0,8.0,0.1753399,0.028650077000000003,0.67953324,3.0142796,1.5806607,8.0,8.0,2.2811565,5.1173470000000005,8.0,0.65069425,8.0,8.0,8.0
CALU1_LUNG,0.020688187,2.0194654,1.8653108,8.0,8.0,8.0,8.0,8.0,8.0,8.0,0.103493586,0.15430507,8.0,8.0,8.0,8.0,8.0,8.0,8.0,8.0,1.6761926,6.918637299999999,8.0,7.9942875
CALU3_LUNG,8.0,0.45912713,0.0,3.2256584,0.4945876,8.0,8.0,2.2233452999999996,8.0,8.0,1.6888574,0.046347372000000005,3.0645175,8.0,0.85342044,8.0,8.0,7.7247105,8.0,8.0,8.0,5.7182975,8.0,8.0
CALU6_LUNG,0.0035132279999999998,0.96733326,0.0,7.8079844,8.0,8.0,0.0,8.0,0.0,0.0,0.18347709,0.07592098,0.16213965,3.6640281999999997,4.7059964999999995,8.0,8.0,2.47644,8.0,3.9273612,0.0,0.77653265,0.8094176,6.3272095
CAMA1_BREAST,0.010846031,8.0,0.34567094,8.0,8.0,8.0,6.332071,8.0,8.0,6.585441599999999,0.14104521,0.029613037000000002,8.0,8.0,8.0,8.0,8.0,8.0,8.0,8.0,6.142372,8.0,8.0,8.0
CAPAN2_PANCREAS,0.002542614,1.2114557,0.87553024,8.0,8.0,8.0,0.062944785,8.0,8.0,8.0,0.046125766,0.06853135,0.07785797,0.50372756,1.1035651000000002,8.0,8.0,0.43274644,8.0,0.21468255,1.1616116,0.6714189,8.0,8.0
CAS1_CENTRAL_NERVOUS_SYSTEM,0.025275866,1.7450856,0.77856326,8.0,8.0,8.0,8.0,8.0,8.0,8.0,1.0195287,0.09561697,8.0,8.0,8.0,8.0,8.0,8.0,8.0,8.0,8.0,4.411481,8.0,8.0
CCK81_LARGE_INTESTINE,0.27403277,0.31598590000000004,0.0,0.6846675999999999,0.24019484,8.0,0.0,0.76331,0.0,8.0,0.2632751,0.038146086,0.7197621,8.0,0.6764711999999999,8.0,8.0,2.3292236,8.0,8.0,8.0,2.1698642,8.0,8.0
CHL1_SKIN,0.007160429,0.60308635,0.26527655,3.049771,0.6759933000000001,7.161294,8.0,4.032824,8.0,8.0,0.1658198,0.018227296,8.0,8.0,6.0634346,8.0,8.0,7.1820059999999994,8.0,8.0,0.26710027,3.2028465,8.0,2.610425
CHP212_AUTONOMIC_GANGLIA,0.007673396999999999,0.6853621,0.0,8.0,8.0,8.0,0.0,8.0,0.0,8.0,0.029792815,0.013031741000000001,0.005780043,0.011546331000000002,3.3361256,8.0,8.0,1.5600355,8.0,3.5218667999999997,3.0137702999999996,2.156605,8.0,3.8457716
CI1_HAEMATOPOIETIC_AND_LYMPHOID_TISSUE,0.004356804000000001,0.042425834,0.034480847,8.0,8.0,8.0,8.0,2.4713476,1.7498909,8.0,0.479196,0.042536777000000005,8.0,8.0,8.0,8.0,8.0,8.0,8.0,8.0,0.20846401,8.0,8.0,0.1399608
COLO205_LARGE_INTESTINE,0.002542614,0.06926268,0.0,8.0,8.0,3.5597787000000003,8.0,8.0,7.191389999999999,6.495519,0.014756449,0.039255973,0.00600136,0.0493892,8.0,8.0,8.0,2.701482,8.0,3.6585726999999997,0.60628176,0.85494256,0.39423144,5.775238
COLO320_LARGE_INTESTINE,0.3165203,0.5701576999999999,0.3590886,8.0,6.295312,6.673327400000001,4.9912605,8.0,6.832452,8.0,1.5691688,0.06702995,8.0,8.0,8.0,8.0,8.0,1.4502783000000001,8.0,6.6928334000000005,0.26889938,0.32995504,8.0,3.1599376
COLO679_SKIN,0.008852645,1.0321513,0.5789662,8.0,8.0,8.0,7.3578925,8.0,8.0,8.0,0.06265669,0.029574396,0.012509198000000001,0.12334336,8.0,7.2866907,6.9819508,8.0,8.0,8.0,0.66438055,8.0,0.5541653,8.0
COLO741_SKIN,0.020055767,0.49293405,0.0,7.229937,8.0,8.0,0.0,8.0,0.0,8.0,1.4798502,0.109763704,0.21773562,2.6750523999999998,8.0,8.0,8.0,3.3439245000000004,8.0,8.0,0.0,8.0,4.039706,5.688858
CORL23_LUNG,0.03195561,1.0308204,0.49182218,8.0,8.0,4.65459,8.0,8.0,8.0,8.0,0.60898876,0.12422759,8.0,8.0,8.0,8.0,8.0,8.0,8.0,8.0,6.4419584,7.618295,8.0,8.0
COV318_OVARY,8.0,2.0824096,1.2308522,8.0,8.0,8.0,7.686830499999999,8.0,8.0,8.0,8.0,0.15805970000000003,8.0,8.0,8.0,8.0,8.0,8.0,8.0,8.0,8.0,4.67724,8.0,8.0
COV504_OVARY,0.01918957,1.9674096,0.0,8.0,8.0,8.0,8.0,8.0,8.0,8.0,0.3474384,0.10595974,8.0,8.0,8.0,8.0,8.0,7.5049339999999995,8.0,8.0,1.8053476000000002,2.0719752000000002,8.0,8.0
DAOY_CENTRAL_NERVOUS_SYSTEM,0.010945285,0.09071204,0.18957986,8.0,8.0,8.0,8.0,8.0,8.0,8.0,0.47791684,0.037284594,8.0,8.0,8.0,8.0,8.0,8.0,8.0,8.0,8.0,8.0,8.0,8.0
DBTRG05MG_CENTRAL_NERVOUS_SYSTEM,0.021760647999999997,0.36508462,0.08504415,8.0,8.0,5.0665035000000005,8.0,8.0,8.0,8.0,0.27600572,0.13980055,8.0,0.32975236,8.0,8.0,8.0,8.0,8.0,8.0,0.2864683,3.7816574999999997,2.6529129,8.0
DEL_HAEMATOPOIETIC_AND_LYMPHOID_TISSUE,0.0025,0.018882528,0.011414592,8.0,6.8967776,4.3074822,6.2644415,8.0,2.087406,0.21074681,0.035145033,0.016950892,8.0,8.0,3.8337152000000003,1.9742519,8.0,5.4282965999999995,8.0,0.20550914,0.38999570000000006,0.009624531,8.0,4.2847795
DETROIT562_UPPER_AERODIGESTIVE_TRACT,0.013300325,2.9410498,0.0,8.0,8.0,8.0,8.0,3.1153532999999998,3.1744852000000003,8.0,0.23898962,0.09521681,8.0,8.0,2.906109,8.0,8.0,8.0,8.0,8.0,6.785071,8.0,8.0,8.0
DKMG_CENTRAL_NERVOUS_SYSTEM,0.01984644,1.8791447000000001,0.5849829000000001,8.0,8.0,8.0,8.0,8.0,8.0,8.0,0.31992754,0.09311076,8.0,8.0,8.0,8.0,8.0,8.0,8.0,8.0,8.0,8.0,8.0,8.0
DMS114_LUNG,0.005783329,0.16582999,0.0,8.0,8.0,7.8328524,6.058652400000001,8.0,8.0,7.2636685,0.69521314,0.049470447,8.0,8.0,8.0,8.0,8.0,0.8515084999999999,8.0,6.1438823,3.5144625,0.89431643,8.0,5.063469
DOHH2_HAEMATOPOIETIC_AND_LYMPHOID_TISSUE,0.002542614,0.2592855,0.0946001,8.0,1.7066226999999998,0.06655039,8.0,3.8394501000000005,4.0482345,0.62389576,0.40968505,0.014362828999999999,8.0,8.0,8.0,2.65165,2.5956695,1.2206656999999999,8.0,8.0,1.1421371999999999,0.768781,8.0,0.84033126
DU145_PROSTATE,0.00808272,0.41039684,0.19849677,5.400848000000001,8.0,8.0,8.0,2.6467662,8.0,8.0,0.04496924,0.024278018999999998,8.0,8.0,3.4519134,8.0,8.0,6.682149400000001,8.0,7.1052990000000005,0.30686337,2.6891022,8.0,2.8034567999999997
DV90_LUNG,0.00758911,0.2003625,0.0,8.0,8.0,8.0,0.0,5.4506907,0.0,8.0,0.12093988,0.042865414000000004,0.06553426400000001,1.0400459,8.0,8.0,8.0,8.0,0.076898806,8.0,0.0,1.319583,8.0,8.0
EB2_HAEMATOPOIETIC_AND_LYMPHOID_TISSUE,0.018220019,0.14400524,0.0,8.0,8.0,8.0,8.0,8.0,8.0,8.0,1.7561113999999998,0.29121146,8.0,8.0,8.0,8.0,8.0,8.0,8.0,8.0,8.0,8.0,8.0,8.0
EBC1_LUNG,0.0025,0.0932668,0.1240007,8.0,6.372372,8.0,8.0,4.082503,8.0,8.0,0.018749278,0.04450193400000001,0.045943316,0.7384546,4.7731977,0.27125594,8.0,5.1641765,8.0,0.039122928,8.0,2.2442431000000003,8.0,8.0
EFE184_ENDOMETRIUM,8.0,2.2943,0.91006017,8.0,8.0,8.0,8.0,8.0,8.0,8.0,0.3873816,0.14477713,8.0,8.0,2.8672638,8.0,8.0,8.0,8.0,8.0,6.3364496,8.0,8.0,8.0
EFM19_BREAST,0.009098331,1.2887455,0.9222903,8.0,8.0,8.0,8.0,4.3542523,8.0,8.0,0.058103666,0.028204657,8.0,8.0,5.3526945,7.446472,8.0,8.0,0.32801437,7.653486,2.1975389,8.0,8.0,8.0
EFO21_OVARY,0.030291224,0.5522193,0.7141122,8.0,8.0,4.9179664,8.0,2.8938582000000004,8.0,8.0,0.28856182,0.16817994,8.0,8.0,8.0,8.0,8.0,8.0,8.0,8.0,1.6781508,1.4741551000000002,8.0,8.0
EFO27_OVARY,0.020698361000000002,1.1144512,0.5197792999999999,8.0,8.0,8.0,8.0,0.0,8.0,8.0,0.36635992,0.020420121,8.0,8.0,1.6167858,8.0,8.0,8.0,8.0,8.0,0.5252374,8.0,0.0,8.0
EM2_HAEMATOPOIETIC_AND_LYMPHOID_TISSUE,0.002542614,0.044002295,0.04779857,8.0,8.0,2.94865,0.007538102,0.99477535,1.9340574000000001,0.35163520000000004,0.13033667,0.016013557,0.034289107,0.38364476,0.20994776,6.589995399999999,8.0,8.0,8.0,0.76937276,0.51433843,1.3510627,8.0,2.932343
EN_ENDOMETRIUM,0.00999075,8.0,4.784356,8.0,8.0,8.0,8.0,8.0,8.0,8.0,8.0,0.06776921,8.0,8.0,8.0,8.0,8.0,8.0,8.0,8.0,8.0,8.0,8.0,8.0
ES2_OVARY,0.024387915,0.07795731,0.0,8.0,8.0,8.0,0.0,8.0,8.0,8.0,0.6996379,0.043410122,0.13182473,0.6346618,8.0,8.0,8.0,8.0,8.0,8.0,1.1061448999999999,8.0,8.0,8.0
ESS1_ENDOMETRIUM,0.007594008,0.012411577,0.0,8.0,4.3739624,8.0,0.0,8.0,0.0,0.0,0.11770121,0.049688272,8.0,8.0,8.0,8.0,8.0,3.3006462999999995,0.10037457,8.0,0.0,2.6853043999999997,8.0,1.9856881999999998
F36P_HAEMATOPOIETIC_AND_LYMPHOID_TISSUE,0.0025,2.8108306,0.55922794,8.0,8.0,0.24604826,6.2502154999999995,8.0,8.0,0.21349496,0.43542108,0.003999026,0.10164227,0.11680062,8.0,8.0,8.0,0.30656654,6.849056,3.15097,0.08287233,0.41944104,8.0,0.9489354999999999
FADU_UPPER_AERODIGESTIVE_TRACT,0.007714884,0.28573433,0.0,1.6406797,0.82307273,8.0,5.612989,1.4499441000000002,8.0,8.0,0.019284135,0.073913984,2.0661268,8.0,2.281472,8.0,8.0,8.0,8.0,8.0,1.4286743,5.832925,8.0,3.0728142000000003
FU97_STOMACH,0.013990878,3.7067716,0.0,8.0,8.0,8.0,0.0,2.1245446,0.0,8.0,0.06285819,0.020322172,0.36212426,4.3655043,4.634256400000001,8.0,8.0,3.9901805,8.0,8.0,1.5395849,2.8497431,8.0,1.5334478999999999
FUOV1_OVARY,0.00867361,2.943581,0.31390068,8.0,8.0,5.1109047,8.0,2.4129014,8.0,8.0,0.37322196,0.04087068,3.074703,8.0,8.0,8.0,8.0,1.3149024999999999,8.0,8.0,3.839668,2.2867,8.0,8.0
G361_SKIN,0.005752318,0.44760150000000004,0.22289325,4.4105324999999995,3.0477571,4.969456,8.0,5.999411599999999,8.0,8.0,0.089309976,0.021113275,0.024077827000000003,0.41900313,6.9146,5.69183,8.0,3.611555,8.0,4.23843,0.56526524,4.944403599999999,1.286708,2.6041768
G401_SOFT_TISSUE,0.005486321,0.18110247,0.08421213,8.0,8.0,3.7045515,8.0,5.849076,8.0,6.9450455,0.08547899,0.013002746,2.8836074000000003,8.0,8.0,8.0,5.3114934,1.4112241,8.0,7.2824387999999995,1.3511665000000002,1.4727291,8.0,2.4686916
G402_SOFT_TISSUE,0.0031202929999999997,0.06802369999999999,0.0,8.0,8.0,1.4919937,0.0,7.0752372999999995,0.0,8.0,0.07343186,0.11156911,8.0,8.0,3.6499836,8.0,8.0,8.0,8.0,7.053858,1.3579917,8.0,8.0,2.2705283
GAMG_CENTRAL_NERVOUS_SYSTEM,0.017000178,2.9343708,0.0,8.0,8.0,8.0,0.0,8.0,0.0,8.0,0.10914998,0.13926467,8.0,8.0,8.0,8.0,8.0,8.0,8.0,8.0,0.0,8.0,8.0,8.0
GCIY_STOMACH,0.039213784,0.7625599000000001,0.0,8.0,7.255416,8.0,6.325266,2.3992624,8.0,8.0,0.79331654,0.06559569999999999,5.5834055000000005,8.0,1.7685104999999999,8.0,8.0,8.0,8.0,8.0,6.792892500000001,2.9158578,8.0,8.0
GCT_SOFT_TISSUE,0.002946121,0.05779477,0.05000682,8.0,4.213955,8.0,8.0,8.0,4.080998,7.920577000000001,0.33054859999999997,0.063522145,8.0,8.0,8.0,8.0,8.0,3.9944122,1.1145025,4.6919923,0.32586983,1.6178293,5.271177,4.397069999999999
GI1_CENTRAL_NERVOUS_SYSTEM,0.01261146,1.7932136000000003,0.0,8.0,8.0,8.0,0.0,8.0,0.0,8.0,0.19865236,0.05655204,8.0,8.0,8.0,8.0,8.0,8.0,8.0,8.0,0.0,3.3012042,8.0,8.0
GMS10_CENTRAL_NERVOUS_SYSTEM,0.010238566999999999,4.4707665,2.797262,8.0,8.0,8.0,8.0,8.0,8.0,8.0,0.24530175,0.20530088,8.0,8.0,8.0,8.0,8.0,8.0,8.0,8.0,5.228354,6.2815948,8.0,8.0
GRANTA519_HAEMATOPOIETIC_AND_LYMPHOID_TISSUE,0.002542614,0.050527275,0.030715285,8.0,8.0,8.0,0.37920684,8.0,2.5319483,0.084487304,0.010983705,0.032222785,8.0,8.0,8.0,8.0,8.0,8.0,8.0,4.319277,8.0,0.9148118000000001,8.0,3.4034187999999994
H4_CENTRAL_NERVOUS_SYSTEM,0.036614265,0.5109835,0.0,8.0,8.0,8.0,7.6303589999999994,8.0,8.0,8.0,0.15077159,0.069325484,8.0,8.0,8.0,8.0,8.0,8.0,8.0,4.049648,8.0,2.550217,8.0,2.5660145
HARA_LUNG,0.007821566,0.35609478,0.0,8.0,6.6567407,8.0,0.0,8.0,0.0,8.0,0.21243285,0.13343222,5.792831,8.0,8.0,8.0,8.0,8.0,8.0,8.0,2.8324599999999998,3.3120743999999998,8.0,8.0
HCC1187_BREAST,0.009626306,6.1997247,0.0,8.0,8.0,8.0,8.0,8.0,8.0,0.6436753000000001,1.5314704,0.10385192,8.0,8.0,8.0,8.0,8.0,8.0,8.0,8.0,7.012154600000001,8.0,8.0,8.0
HCC1395_BREAST,0.011294067,8.0,0.0,8.0,8.0,8.0,0.0,8.0,0.0,8.0,8.0,0.5394992,8.0,8.0,8.0,8.0,8.0,8.0,8.0,8.0,0.0,8.0,8.0,8.0
HCC1569_BREAST,8.0,4.643163700000001,0.7234423000000001,8.0,8.0,8.0,8.0,8.0,8.0,8.0,0.20115508,0.25102365,8.0,8.0,8.0,8.0,8.0,8.0,8.0,8.0,8.0,8.0,8.0,8.0
HCC15_LUNG,0.007085040999999999,0.7353301999999999,0.0,8.0,8.0,8.0,8.0,8.0,8.0,8.0,0.03854132,0.04311902,8.0,8.0,8.0,8.0,8.0,8.0,2.7616103,8.0,5.655051,3.222835,8.0,7.7082334
HCC1806_BREAST,0.002996833,0.06953667,0.0,2.1559756,4.378565,8.0,7.519812599999999,2.6792884,8.0,8.0,0.06748455,0.054945543,8.0,8.0,0.7949879,8.0,8.0,7.2067619999999994,8.0,4.892572400000001,1.0853903999999999,2.6265147,8.0,5.255249
HCC1954_BREAST,0.010001038,2.3573215,0.0,5.570298,1.4578280000000001,8.0,5.009234999999999,2.7594054,2.5090654,8.0,0.0483235,0.09168853,8.0,8.0,1.9404259,8.0,8.0,7.2844524,8.0,8.0,4.06005,7.7472897,8.0,8.0
HCC2935_LUNG,8.0,2.0900689999999997,1.3826200000000002,0.28077397,1.2399236,8.0,8.0,0.1946767,8.0,8.0,0.018270468,0.11659625,8.0,8.0,1.0655982,8.0,8.0,8.0,8.0,8.0,8.0,3.9129083,8.0,8.0
HCC4006_LUNG,0.004447281,3.7264117999999993,0.5723428,0.12425239999999999,1.8548812,8.0,7.444185000000001,0.43906832,8.0,8.0,0.044439085,0.080013834,3.1655736,8.0,0.9748817,8.0,8.0,8.0,8.0,8.0,2.4842892000000005,3.4250276,8.0,8.0
HCC44_LUNG,0.011513388000000001,1.264468,0.0,8.0,8.0,8.0,0.0,8.0,0.0,8.0,0.06558562,0.06886589,3.4206634,8.0,8.0,8.0,8.0,6.6211476,1.4862063,8.0,3.1389403,5.9762316,8.0,8.0
HCC56_LARGE_INTESTINE,0.14785407,2.9869456000000003,1.1254102,8.0,8.0,8.0,8.0,8.0,8.0,0.0,0.0,0.05461818400000001,0.010615913000000001,0.14120781,8.0,8.0,8.0,8.0,8.0,8.0,8.0,6.2274055,8.0,8.0
HCC70_BREAST,0.0049604670000000005,0.06803937,0.07539101,8.0,7.36332,8.0,8.0,8.0,8.0,8.0,0.06525800000000001,0.06717426,1.2534058000000001,8.0,8.0,8.0,8.0,8.0,8.0,8.0,6.826366999999999,6.0940723,8.0,8.0
HCC78_LUNG,0.052693762000000005,0.13757212,0.0,8.0,8.0,8.0,8.0,8.0,8.0,8.0,0.8033729000000001,0.09638827,8.0,8.0,8.0,8.0,8.0,8.0,8.0,8.0,8.0,8.0,8.0,8.0
HCC827_LUNG,0.011236095,3.6605964,0.0,0.038917925,0.372134,8.0,0.0,0.31740648,0.0,8.0,0.18870239,0.10957502,8.0,8.0,0.42398223,8.0,8.0,4.255413,8.0,8.0,0.0,0.03615742,8.0,8.0
HCT116_LARGE_INTESTINE,0.004276503,0.20115818,0.27674446,8.0,8.0,6.208874,8.0,8.0,8.0,8.0,0.20298965,0.04036962,0.20240115,0.5189576,8.0,8.0,8.0,8.0,8.0,7.0497413,1.833464,4.75001,8.0,7.125739
HCT15_LARGE_INTESTINE,0.2842764,0.40251726,0.26266107,8.0,4.6668330000000005,7.161734,6.496217700000001,8.0,8.0,8.0,0.5924165,0.2242843,8.0,8.0,5.243636599999999,8.0,8.0,4.6305556,8.0,8.0,0.5997511,5.4180493,8.0,4.280635
HDMYZ_HAEMATOPOIETIC_AND_LYMPHOID_TISSUE,0.0025,0.028245414,0.0,4.5573745,7.012478,7.934947500000001,0.0,8.0,0.0,0.0,0.1518711,0.075853355,0.022050716,0.31255340000000004,8.0,8.0,8.0,4.044674,8.0,4.2833977,0.0,2.7962740000000004,6.1056824,2.685057
HEC151_ENDOMETRIUM,0.0039097920000000005,0.22309193,0.32243890000000003,8.0,8.0,7.3636593999999995,7.333292999999999,1.8535993000000002,8.0,8.0,0.18235873,0.023647482,0.08198344,0.8813191999999999,1.3547413000000001,8.0,8.0,8.0,8.0,8.0,0.3395188,1.7721546000000001,8.0,3.5594504000000002
HEC1A_ENDOMETRIUM,0.006034548000000001,1.2100608,0.0,8.0,8.0,8.0,6.968557000000001,8.0,8.0,8.0,0.15503213,0.046715498,8.0,8.0,7.070782,8.0,8.0,8.0,8.0,8.0,2.6569915,8.0,8.0,8.0
HEC1B_ENDOMETRIUM,0.022165507,0.8446428,5.365125,8.0,8.0,0.30542943,4.339510400000001,0.49846235,4.9649544,8.0,0.06106598,0.03249719,8.0,8.0,0.3532616,8.0,8.0,7.183921000000001,8.0,5.0084653,8.0,3.22107,8.0,8.0
HEC251_ENDOMETRIUM,0.010395308,2.128628,2.3451855,8.0,8.0,8.0,8.0,5.546049,8.0,7.3624149999999995,0.90558356,0.10639034,8.0,8.0,5.684927,8.0,8.0,8.0,8.0,8.0,0.9539194,3.6158295,8.0,3.7257822
HEC265_ENDOMETRIUM,0.00400007,0.40937677,0.31216952,8.0,8.0,7.848872,8.0,8.0,8.0,8.0,0.044854023,0.06340126,8.0,8.0,8.0,8.0,8.0,8.0,8.0,8.0,0.6018924,8.0,8.0,6.6924224
HEC59_ENDOMETRIUM,0.002542614,0.11832303,0.12181062,8.0,8.0,4.8973846,8.0,8.0,8.0,2.9739424999999997,0.23676059,0.0671196,8.0,8.0,8.0,8.0,8.0,8.0,8.0,5.8130665,0.59128916,2.7478993,8.0,8.0
HEC6_ENDOMETRIUM,0.007608487,0.83771664,0.5071956,8.0,8.0,8.0,2.0398877,8.0,8.0,8.0,0.5614918999999999,0.026302193999999997,8.0,8.0,8.0,8.0,8.0,8.0,8.0,8.0,8.0,8.0,8.0,8.0
HEL9217_HAEMATOPOIETIC_AND_LYMPHOID_TISSUE,0.060053825,0.45264920000000003,0.0,8.0,8.0,8.0,8.0,8.0,8.0,8.0,1.6168603000000001,0.05918742,8.0,8.0,8.0,8.0,8.0,8.0,8.0,8.0,6.2232933,8.0,8.0,8.0
HEPG2_LIVER,0.009877518,0.42855945,0.18900411,8.0,8.0,8.0,8.0,8.0,8.0,8.0,0.022530433,0.033924446000000004,0.022851815,0.24894993,8.0,5.555599,8.0,2.9630895,8.0,8.0,2.7740683999999995,0.5501955,4.7060685,5.150391
HEYA8_OVARY,0.011858938999999999,0.06718149,0.16702649,8.0,8.0,7.243388700000001,8.0,0.0,8.0,8.0,0.08386872,0.059588835,0.6363409999999999,7.4575762999999995,8.0,8.0,8.0,8.0,8.0,5.352530000000001,0.31713355,4.4457,0.0,4.591033
HGC27_STOMACH,0.0025,0.24132489999999998,8.0,8.0,8.0,8.0,5.8995194,4.787297,1.7428082999999999,6.536459,0.19981845,0.03891374,8.0,8.0,8.0,8.0,8.0,5.460077,8.0,3.3069396,2.3084059,1.1228889,8.0,2.3650474999999997
HH_HAEMATOPOIETIC_AND_LYMPHOID_TISSUE,0.010450869,0.14761125,0.0,8.0,8.0,3.383169,8.0,1.1518041,8.0,7.2780766,0.31618983,0.011629105,8.0,8.0,8.0,8.0,8.0,8.0,8.0,8.0,8.0,7.147410400000001,8.0,8.0
HLF_LIVER,0.08836696,0.3927927,0.26108813,8.0,8.0,8.0,8.0,8.0,8.0,8.0,0.23383641,0.10153927,8.0,8.0,8.0,8.0,8.0,7.4830523,8.0,8.0,6.235446499999999,5.347188,8.0,3.8191962
HMCB_SKIN,0.008362735,0.22705416,0.20931338,3.6072302000000005,4.767848000000001,7.296436,7.1812334,3.113918,8.0,8.0,0.034340765,0.043176685,5.477803700000001,8.0,8.0,8.0,8.0,5.2392080000000005,8.0,7.987290400000001,0.21439661,1.6076223,8.0,0.84583735
HOS_BONE,0.005664105,0.5246244999999999,0.2839316,8.0,8.0,8.0,8.0,8.0,8.0,8.0,0.13684075,0.06195132,8.0,8.0,8.0,8.0,8.0,8.0,8.0,8.0,8.0,8.0,8.0,8.0
HPAFII_PANCREAS,0.006913234,0.86014605,0.0,8.0,4.2228327000000005,8.0,0.0,4.8480872999999995,0.0,0.9749416,0.151631,0.376811,0.5666824,3.9593472000000003,8.0,8.0,8.0,1.4154357,8.0,8.0,8.0,8.0,8.0,8.0
HS229T_LUNG,0.04487263,8.0,0.0,8.0,8.0,8.0,8.0,8.0,8.0,8.0,0.13832441,0.04081547,8.0,8.0,8.0,8.0,8.0,8.0,8.0,8.0,3.3639667,3.954422,8.0,6.8536863
HS578T_BREAST,0.0025,8.0,0.0,8.0,8.0,8.0,8.0,8.0,8.0,8.0,0.062882334,0.07207732,8.0,8.0,7.945315400000001,8.0,8.0,8.0,8.0,8.0,5.5108047,8.0,8.0,3.2279882
HS683_CENTRAL_NERVOUS_SYSTEM,0.007497566,1.1607909,0.42252582,8.0,8.0,8.0,8.0,8.0,8.0,8.0,0.14392120000000003,0.16426563,8.0,8.0,8.0,8.0,8.0,6.8548446,8.0,6.067533999999999,8.0,3.5320527999999998,8.0,4.4783273
HS695T_SKIN,0.09689749,0.84021693,0.37264907,8.0,8.0,8.0,8.0,8.0,8.0,8.0,0.09551860400000001,0.037047084,0.23799312,8.0,8.0,8.0,8.0,6.0375023,8.0,8.0,8.0,8.0,7.2645610000000005,8.0
HS729_SOFT_TISSUE,0.016439535,0.35032174,0.0,8.0,8.0,8.0,0.0,8.0,0.0,8.0,0.066169545,0.11258663,8.0,8.0,8.0,8.0,8.0,4.6912,8.0,8.0,8.0,8.0,8.0,8.0
HS739T_BREAST,0.002542614,4.647302,2.8332433999999997,8.0,8.0,8.0,8.0,8.0,8.0,8.0,0.56018233,0.15553784,8.0,8.0,8.0,8.0,8.0,7.0176506,8.0,4.0899725,8.0,1.9555377,8.0,3.1322447999999996
HS746T_STOMACH,0.01275917,0.6992725000000001,0.0,8.0,8.0,8.0,6.016578,8.0,8.0,7.728271,0.14616486,0.042114797999999995,2.000169,8.0,3.2568773999999996,8.0,8.0,6.6331606,8.0,0.10254248,3.2373965,5.4395657,8.0,8.0
HS766T_PANCREAS,8.0,8.0,5.1889873,8.0,8.0,8.0,8.0,8.0,8.0,8.0,0.20869371,0.13424228,0.01714126,0.6577998,8.0,8.0,8.0,8.0,8.0,8.0,1.1100601,5.2936544,8.0,8.0
HS840T_UPPER_AERODIGESTIVE_TRACT,0.010091474,2.8856902,0.7461745,8.0,8.0,8.0,8.0,4.3980155,8.0,8.0,0.042208712999999995,0.039185483,8.0,8.0,8.0,8.0,8.0,8.0,8.0,4.2870183,0.12682493,1.9554476000000003,8.0,2.8064299
HS852T_SKIN,0.025221951,5.7691197,7.632352,8.0,8.0,8.0,7.286915,5.3877554000000005,8.0,8.0,0.04307797,0.06502484,1.3396133,8.0,8.0,8.0,8.0,0.9324046999999999,8.0,3.6629026,8.0,0.6779484,8.0,8.0
HS895T_SKIN,8.0,4.5130653,0.0,8.0,8.0,8.0,4.720332,8.0,0.44640717,8.0,0.5682689999999999,0.07223804,0.7168228,8.0,8.0,8.0,8.0,2.1938133,8.0,4.0269427,0.16793984,1.4754465,7.153817,1.7267512999999999
HS936T_SKIN,0.002542614,2.3829536,0.86341596,8.0,8.0,8.0,8.0,6.6018505,8.0,8.0,0.061651316,0.025391447999999997,0.042563576,0.27224112,8.0,8.0,8.0,8.0,8.0,8.0,8.0,8.0,8.0,8.0
HS944T_SKIN,0.003847174,0.1289882,0.08921947,8.0,8.0,8.0,8.0,8.0,8.0,8.0,0.12876053,0.055881042,0.14366055,1.1760473,8.0,8.0,8.0,8.0,0.17926456,5.190103,0.35273015,5.717156,5.6584406,4.454998000000001
HSC2_UPPER_AERODIGESTIVE_TRACT,0.009923753,0.11338155,0.14189495,8.0,8.0,4.6826315,8.0,8.0,8.0,8.0,0.49958923,0.29970747,8.0,8.0,7.3530335000000004,8.0,8.0,8.0,8.0,8.0,8.0,8.0,8.0,8.0
HT1080_SOFT_TISSUE,0.005339894,0.24721214,0.0,8.0,8.0,8.0,0.0,4.7192445,8.0,8.0,0.11350877,0.042126447000000004,0.44604337,0.739374,8.0,8.0,6.066975,7.100716,8.0,3.6437092000000004,1.0745406000000002,8.0,8.0,8.0
HT1376_URINARY_TRACT,0.002542614,8.0,2.700818,2.531054,7.084046400000001,8.0,8.0,1.0842739,8.0,8.0,0.36514070000000004,0.101600125,8.0,8.0,8.0,8.0,8.0,8.0,8.0,8.0,1.7560843999999998,1.8036289,8.0,3.8255966
HT144_SKIN,0.021828279,1.0529708999999998,0.7051082,8.0,8.0,8.0,4.633401999999999,8.0,8.0,8.0,0.07971938,0.08797147,0.019130703,0.37391636,8.0,8.0,8.0,4.8693285,8.0,8.0,0.34008256,7.2348256,1.3363247999999999,6.1078887
HT29_LARGE_INTESTINE,0.0025,0.7085938,0.30114737,8.0,5.884947,8.0,8.0,8.0,8.0,8.0,0.016734079,0.04786176,0.011746166,0.09756515,4.436422,8.0,8.0,1.3764743,8.0,7.508039,0.8195904,0.774103,1.678125,4.9606085
HT_HAEMATOPOIETIC_AND_LYMPHOID_TISSUE,0.0025,0.2027933,0.0,8.0,6.7729545,6.9179997,8.0,8.0,8.0,0.23234144,0.20072602,0.008737668,8.0,8.0,8.0,8.0,8.0,8.0,8.0,3.2956812000000006,8.0,0.57493544,8.0,8.0
HUCCT1_BILIARY_TRACT,0.009130674,0.7929754,1.3975035,8.0,8.0,8.0,8.0,8.0,8.0,8.0,0.09198338,0.093463294,1.6955381999999999,8.0,8.0,8.0,8.0,8.0,8.0,8.0,3.9177199999999996,4.7380586,8.0,8.0
HUPT3_PANCREAS,0.023696937,1.4164367,1.7629228,8.0,8.0,8.0,8.0,4.1199255,8.0,8.0,0.3001959,0.091935344,0.35531887,1.9156360000000001,7.702197,8.0,8.0,8.0,8.0,8.0,8.0,8.0,8.0,8.0
HUPT4_PANCREAS,0.0025,0.10500534,0.0,4.2551312,7.0557003,8.0,5.0953827,0.67557806,8.0,8.0,0.010569213000000001,0.025808295,0.06637825,0.35597867,1.1399914,8.0,8.0,1.3878274,8.0,4.204385,1.9584839,0.5231116,8.0,8.0
HUT78_HAEMATOPOIETIC_AND_LYMPHOID_TISSUE,0.008045927,0.17072572,0.0,8.0,8.0,8.0,0.4269709,0.35881484,8.0,8.0,0.25083476,0.008441856,0.017062185,0.09155763,8.0,8.0,8.0,1.8226293000000002,0.8594867,0.022862311,2.1117567999999998,8.0,8.0,0.5718357
IALM_LUNG,8.0,0.78115094,1.0867252,8.0,8.0,6.5882745,8.0,8.0,8.0,8.0,8.0,0.11778984,8.0,8.0,8.0,8.0,8.0,8.0,8.0,8.0,2.5788178,8.0,8.0,8.0
IGR37_SKIN,0.007616556,0.6865739000000001,0.27013734,8.0,8.0,8.0,8.0,8.0,8.0,8.0,8.0,0.052000597,0.021839682000000003,0.21325025,8.0,8.0,8.0,0.13937078,8.0,8.0,1.1985351999999998,8.0,0.9044296999999999,8.0
IGR39_SKIN,0.018589533999999998,0.5238032,0.36819359999999995,8.0,8.0,8.0,8.0,8.0,8.0,8.0,8.0,0.05372363,6.818575999999999,8.0,1.1955196000000001,8.0,8.0,8.0,8.0,8.0,4.4041004,1.640936,8.0,8.0
IGROV1_OVARY,0.027501697000000002,0.2905144,0.79365784,8.0,8.0,6.6022563,8.0,0.0,8.0,8.0,0.49108985,0.09538517,8.0,8.0,0.76117885,8.0,8.0,8.0,8.0,8.0,8.0,8.0,0.0,6.2972465
IM95_STOMACH,0.017334834,0.87308264,0.0,8.0,8.0,8.0,8.0,1.355574,8.0,8.0,0.03782573,0.045340344000000005,0.19030641,0.74698836,8.0,8.0,8.0,8.0,8.0,8.0,8.0,8.0,8.0,8.0
IMR32_AUTONOMIC_GANGLIA,0.002542614,0.029726983999999998,0.0,8.0,8.0,8.0,8.0,8.0,8.0,8.0,1.724062,0.03365298,8.0,8.0,2.6249819,8.0,2.9166193,2.705386,8.0,2.8211696,1.6960071,1.0469065,5.588812,2.710003
IPC298_SKIN,0.0025,0.45793670000000003,0.35077408,6.998702499999999,8.0,7.745029,8.0,8.0,8.0,8.0,0.08109536,0.05400579,0.006270713000000001,0.07496141,8.0,8.0,8.0,4.9117,8.0,8.0,0.12580813,8.0,8.0,1.6891948
ISHIKAWAHERAKLIO02ER_ENDOMETRIUM,0.003553285,0.52088237,0.0,8.0,8.0,8.0,0.0,2.8005297000000002,0.0,8.0,0.09791198400000001,0.021153854,8.0,8.0,8.0,8.0,8.0,8.0,8.0,8.0,0.0,0.3319127,8.0,0.911899
ISTMES1_PLEURA,0.1237077,0.14341579999999998,0.62132996,8.0,8.0,8.0,0.8932073,2.8382967,8.0,8.0,0.70725614,0.0575582,8.0,8.0,3.9014442000000003,3.7885187000000005,8.0,6.5138927,8.0,8.0,8.0,2.1644044,8.0,0.6531595
ISTMES2_PLEURA,0.005989203,0.03949915,0.06891139,8.0,7.889611,5.200558,3.5651562000000006,4.5285519999999995,0.42775702,8.0,0.13391067,0.042731293,8.0,8.0,8.0,8.0,8.0,8.0,8.0,4.1668987,0.14791088,2.767386,3.6719732000000005,2.1629419999999997
J82_URINARY_TRACT,0.096582435,0.48700303,0.0,8.0,8.0,8.0,0.0,8.0,8.0,8.0,0.2865607,0.15639317,8.0,8.0,8.0,8.0,8.0,8.0,8.0,8.0,8.0,8.0,8.0,8.0
JHH2_LIVER,0.13183688,8.0,0.84850526,8.0,8.0,8.0,8.0,4.4750266,8.0,8.0,8.0,0.080088854,6.2228155,8.0,2.2847334999999998,8.0,8.0,8.0,8.0,8.0,8.0,8.0,8.0,7.455170599999999
JHH4_LIVER,0.11050474,0.113978796,0.27715290000000004,8.0,8.0,8.0,8.0,3.2732286,8.0,8.0,8.0,0.07109749,2.7500532000000004,8.0,8.0,8.0,8.0,7.4196386,8.0,8.0,8.0,8.0,4.9285545,8.0
JHH5_LIVER,0.009005306,0.091584355,0.0,1.0781949,0.56910765,8.0,0.0,1.0239707,0.0,8.0,0.018158266,0.039195716,0.28873920000000003,0.35713059999999996,1.9284206999999998,8.0,8.0,3.4950266000000005,8.0,8.0,2.7065082,3.7443150000000003,8.0,8.0
JHH6_LIVER,0.020159863,8.0,3.0941296,8.0,8.0,8.0,8.0,8.0,8.0,8.0,0.22378528,0.1757309,8.0,8.0,8.0,8.0,8.0,8.0,8.0,8.0,8.0,8.0,8.0,8.0
JHH7_LIVER,0.003013175,0.97257817,0.0,8.0,4.924770400000001,4.1889772,0.0,8.0,0.0,0.0,0.08816493,0.05667815,0.47640684,4.1708694,8.0,8.0,8.0,1.8062631000000002,8.0,6.1968684000000005,0.0,1.3855329,8.0,1.7268186
JHOS2_OVARY,0.024209863999999998,0.5865756,0.0,8.0,8.0,8.0,8.0,8.0,8.0,6.913431,0.14501529999999999,0.14059958,8.0,8.0,8.0,8.0,8.0,4.9757967,8.0,8.0,8.0,4.3925467000000005,8.0,6.9589289999999995
JHOS4_OVARY,0.008781266,1.3022784,0.0,8.0,7.4083633,8.0,4.2876769999999995,1.8039061,8.0,8.0,1.5709777,0.16328695,8.0,8.0,8.0,8.0,8.0,3.4525497000000005,0.32875088,8.0,3.111862,4.6634645,8.0,8.0
JHUEM2_ENDOMETRIUM,0.00658232,0.08327048,0.0,8.0,8.0,8.0,0.0,3.0985055,0.0,8.0,0.04826415,0.019797415,5.0347705000000005,8.0,8.0,8.0,7.958386,8.0,8.0,5.1914587,0.0,4.0834436,8.0,3.2107284
JM1_HAEMATOPOIETIC_AND_LYMPHOID_TISSUE,0.014962113,0.17662401,0.0,8.0,8.0,8.0,7.700303999999999,8.0,8.0,8.0,1.119324,0.032015062999999996,8.0,8.0,8.0,8.0,8.0,8.0,8.0,8.0,8.0,8.0,8.0,8.0
JMSU1_URINARY_TRACT,0.011445143,0.10979575,0.15828325,3.0543659,8.0,3.8769487999999996,5.011621,2.2502499,8.0,4.920536,0.04488504,0.05590766,1.4208388,5.1122394,8.0,8.0,8.0,2.4924312,8.0,6.0459485,0.20764482,0.46548316,5.027737,0.35124859999999997
JVM3_HAEMATOPOIETIC_AND_LYMPHOID_TISSUE,0.002542614,0.016992867,0.018932486000000002,3.9721391,8.0,6.987100999999999,2.2935178,2.7125435,0.4352004,0.28992903,0.07634669,0.01681086,8.0,8.0,8.0,8.0,0.27199520000000005,7.611978,8.0,4.957866,0.13004668,1.3004791999999998,3.7270987,1.3609364
K029AX_SKIN,0.002542614,0.6709859,0.33658472,8.0,6.4444327,8.0,8.0,5.837676,8.0,8.0,0.119215205,0.045050137000000004,0.08020828,0.4591483,8.0,7.850198700000001,8.0,4.483352,8.0,7.655367,0.70665884,5.2982917,2.1105892999999996,4.849993
KALS1_CENTRAL_NERVOUS_SYSTEM,0.005295291999999999,0.49871509999999997,0.9595336999999999,8.0,8.0,8.0,8.0,8.0,8.0,8.0,0.0897556,0.13448584,2.9665964,8.0,8.0,8.0,8.0,8.0,8.0,8.0,0.29048318,3.0223009999999997,8.0,8.0
KARPAS299_HAEMATOPOIETIC_AND_LYMPHOID_TISSUE,0.016409257,0.62655365,0.0,8.0,8.0,8.0,8.0,8.0,7.354502,8.0,0.20935839999999997,0.062277652,0.64462525,8.0,8.0,3.0458380000000003,8.0,8.0,8.0,2.4256860000000002,4.4378533,0.15601884,8.0,8.0
KARPAS620_HAEMATOPOIETIC_AND_LYMPHOID_TISSUE,0.00318989,1.148799,2.1587925,8.0,8.0,2.0255911,8.0,8.0,1.0236719,1.7604871,0.5565626,0.023666015,0.015687533,0.092270665,8.0,8.0,8.0,0.5157468,8.0,6.3725677,4.180683999999999,0.48439160000000003,8.0,8.0
KASUMI2_HAEMATOPOIETIC_AND_LYMPHOID_TISSUE,0.003222198,0.049187037999999995,0.04218019,8.0,8.0,6.908866400000001,7.4638796,8.0,5.569699,5.8978887,0.027120752,0.007665033000000001,8.0,8.0,8.0,8.0,5.604545,6.6841,8.0,4.3358965,1.1838415,8.0,8.0,3.0384545
KCL22_HAEMATOPOIETIC_AND_LYMPHOID_TISSUE,0.0025,0.0898853,0.12941293,8.0,7.807744500000001,3.6118324,0.013746729,1.6747256999999998,4.0564966,5.699705000000001,0.10770423,0.014849228,0.05435202,0.48257196,0.55135465,8.0,8.0,6.837702,8.0,1.2607826000000002,1.442834,2.2660682,8.0,4.999625
KE39_STOMACH,0.006705094,2.4392502,0.0,8.0,4.0560602999999995,8.0,4.791785,2.2152996,3.5418327000000005,8.0,0.12528163,0.0586543,6.0119586,8.0,8.0,8.0,8.0,3.4933627,8.0,5.804946,6.979484599999999,1.5663029,8.0,8.0
KE97_HAEMATOPOIETIC_AND_LYMPHOID_TISSUE,0.002542614,0.03914998,0.026682707000000003,5.7103095,8.0,4.5386505,8.0,8.0,8.0,5.805035,0.123593725,0.009937636,8.0,8.0,7.510692,8.0,3.8359537000000006,8.0,8.0,6.987423,0.28547108,1.857847,5.4757843,1.471847
KELLY_AUTONOMIC_GANGLIA,0.08546586,0.14628392,0.0,8.0,8.0,8.0,0.0,8.0,0.0,8.0,2.2245412,0.038800325,8.0,8.0,8.0,8.0,8.0,8.0,8.0,2.1751322999999996,0.0,3.4793844,8.0,8.0
KG1_HAEMATOPOIETIC_AND_LYMPHOID_TISSUE,0.053802088,0.25735694,0.2508219,8.0,8.0,8.0,8.0,0.7438741,8.0,8.0,0.04709009,0.018606676000000003,0.3714642,1.402924,8.0,8.0,8.0,2.6405849999999997,8.0,1.797706,0.43489298,0.7530838000000001,8.0,0.45588717
KHM1B_HAEMATOPOIETIC_AND_LYMPHOID_TISSUE,0.002542614,0.044213697,0.071645685,8.0,8.0,4.015206299999999,2.321831,8.0,8.0,4.2012215,0.16767947,0.018884268,8.0,8.0,8.0,3.3397663,8.0,0.24660148,8.0,3.2658455,8.0,0.10222164,8.0,8.0
KLE_ENDOMETRIUM,8.0,7.809303999999999,0.9832138000000001,8.0,8.0,8.0,8.0,3.8635123,8.0,8.0,0.92767626,0.06242324,8.0,8.0,8.0,8.0,8.0,8.0,8.0,8.0,8.0,8.0,8.0,8.0
KMBC2_URINARY_TRACT,0.02609533,1.0047735,0.8342108,8.0,8.0,8.0,8.0,8.0,8.0,8.0,0.06139708,0.05449414599999999,1.1455388000000002,6.083213300000001,8.0,8.0,8.0,8.0,8.0,8.0,4.1045117,8.0,8.0,8.0
KMM1_HAEMATOPOIETIC_AND_LYMPHOID_TISSUE,0.0025,0.22985820000000004,0.19836266,8.0,3.2168996,2.797391,2.9170673,8.0,7.422032400000001,5.0199428,0.19033273,0.018716184,1.1290812,8.0,8.0,0.72086257,8.0,1.4056636,8.0,3.7146952000000004,4.3182817,0.53859663,8.0,8.0
KMRC1_KIDNEY,0.14697543,1.3019783,0.45842236,8.0,8.0,8.0,8.0,8.0,8.0,8.0,0.30977145,0.20217739999999998,8.0,8.0,3.980324,8.0,8.0,8.0,8.0,8.0,8.0,6.742056,8.0,1.8532577000000001
KMRC2_KIDNEY,0.015890298,8.0,2.8831644,8.0,8.0,8.0,8.0,3.2713183999999997,8.0,8.0,2.2754166000000002,0.16670607,8.0,8.0,8.0,8.0,8.0,0.4825349,8.0,8.0,8.0,2.8075077999999998,8.0,8.0
KMS11_HAEMATOPOIETIC_AND_LYMPHOID_TISSUE,0.0025,0.77347296,0.41766644,8.0,7.7958794000000005,4.988961,4.2214704,8.0,2.4741584999999997,8.0,0.033564694,0.018756768,8.0,8.0,8.0,8.0,8.0,0.27954309999999993,8.0,5.972377,8.0,0.25644138,8.0,1.2518663
KMS12BM_HAEMATOPOIETIC_AND_LYMPHOID_TISSUE,0.002641938,0.26823515,0.0,8.0,8.0,8.0,8.0,8.0,8.0,8.0,0.12492034,0.0038738609999999997,8.0,8.0,8.0,8.0,8.0,5.43355,8.0,8.0,0.48512330000000004,1.8054863,8.0,8.0
KMS26_HAEMATOPOIETIC_AND_LYMPHOID_TISSUE,0.003524255,0.06761634,0.08277945,8.0,6.732224,7.1937103,6.001347,3.2828972000000003,1.6723603999999999,6.9573255000000005,0.23721565,0.004504417,8.0,8.0,8.0,7.179248299999999,8.0,0.65142435,8.0,2.8763075000000002,8.0,0.777846,8.0,4.340228
KMS34_HAEMATOPOIETIC_AND_LYMPHOID_TISSUE,0.014584946000000001,0.059535764000000005,0.040386364,8.0,5.1405897000000005,3.7526068999999995,3.4994857,8.0,1.5046761,1.0587127,0.17144585,0.013481136999999999,8.0,8.0,8.0,8.0,8.0,0.48430976,8.0,4.8394995000000005,0.89749134,0.2746607,8.0,5.8045893
KNS42_CENTRAL_NERVOUS_SYSTEM,0.005016253,1.4876225,0.7470003000000001,8.0,8.0,8.0,8.0,8.0,8.0,8.0,8.0,0.20239805,8.0,8.0,8.0,8.0,8.0,6.282463,8.0,8.0,5.8054809999999994,5.369330000000001,8.0,8.0
KNS60_CENTRAL_NERVOUS_SYSTEM,0.004634195,0.15604281,0.43637863,8.0,8.0,8.0,8.0,8.0,8.0,8.0,0.055461988,0.039722465,8.0,8.0,8.0,8.0,8.0,8.0,0.7203705,8.0,8.0,7.042922,8.0,8.0
KNS62_LUNG,0.008,1.6950526000000001,0.0,8.0,8.0,8.0,0.0,8.0,0.0,8.0,0.576809,0.079661846,1.1948769,8.0,8.0,8.0,8.0,8.0,8.0,8.0,8.0,8.0,8.0,8.0
KO52_HAEMATOPOIETIC_AND_LYMPHOID_TISSUE,0.019697005,0.05754936,0.0992705,8.0,8.0,0.26910037,8.0,8.0,1.6547276000000002,0.47674390000000005,0.652887,0.013647835,0.004738287,0.026235208,8.0,8.0,8.0,6.777762400000001,8.0,2.383869,0.2528426,1.5496931,8.0,1.3382148
KP2_PANCREAS,0.009652367,1.4561495,1.5987072,8.0,8.0,8.0,8.0,0.0,8.0,8.0,0.038178917,0.085353024,0.033684015,0.41183043,8.0,8.0,8.0,6.969734700000001,8.0,5.208793599999999,4.2789254,1.3014583999999998,0.0,8.0
KP3_PANCREAS,0.027491981000000002,0.75530833,2.1330142000000003,8.0,8.0,5.156408,8.0,8.0,8.0,8.0,0.16674961,0.16449796,2.18297,8.0,3.5146785000000005,8.0,8.0,8.0,8.0,8.0,2.4843655,2.2336497000000004,8.0,8.0
KP4_PANCREAS,0.003355716,0.69377285,0.256402,8.0,8.0,4.013171,8.0,8.0,8.0,6.3375205999999995,0.056765284000000006,0.09634682,2.7744946,8.0,8.0,1.073864,8.0,4.758482,8.0,0.93806523,2.5694067000000005,2.2527056,8.0,5.228113
KPNSI9S_AUTONOMIC_GANGLIA,0.004405395,0.024177901,0.028646117000000002,8.0,8.0,5.6321635,5.4128084,8.0,1.3197187,8.0,0.08264223,0.030315428999999998,0.09873667,0.27292785,5.985695,8.0,4.260953,1.0302346,8.0,2.5562572,1.886897,0.88385457,8.0,4.9921809999999995
KU812_HAEMATOPOIETIC_AND_LYMPHOID_TISSUE,0.0025,0.31023338,0.44958618,5.0651025999999995,8.0,8.0,0.016822226000000003,0.45247539999999997,6.253096599999999,8.0,0.1296099,0.032717083,0.042091515,0.18079947,0.471688,8.0,8.0,8.0,8.0,1.8906398999999998,1.1049391000000002,8.0,8.0,2.3114576000000002
KYM1_SOFT_TISSUE,0.004644886,0.5074166,0.0,8.0,8.0,8.0,0.0,8.0,0.0,8.0,0.08849466,0.013308295,1.9381618000000003,8.0,8.0,8.0,8.0,8.0,0.062424198,8.0,0.0,1.2985752000000002,8.0,0.77688026
KYSE140_OESOPHAGUS,0.02538952,1.0719928,0.0,0.61763763,0.68893,8.0,0.0,1.4489309,0.0,0.0,0.9619783000000002,0.11755484,2.105214,8.0,1.507841,8.0,8.0,1.9630321,8.0,8.0,0.0,6.0625362,6.805239,1.8498729999999999
KYSE150_OESOPHAGUS,0.016105084,3.841143,0.0,5.205514,8.0,8.0,0.0,8.0,0.0,8.0,0.08090498,0.18333339999999998,8.0,8.0,8.0,8.0,8.0,8.0,8.0,8.0,6.57503,8.0,8.0,8.0
KYSE180_OESOPHAGUS,0.00803466,0.4317752,0.0,1.6305039,0.87624335,8.0,0.0,4.599080000000001,0.0,0.0,0.0753748,0.10288962,8.0,8.0,2.983516,8.0,8.0,3.6128313999999997,8.0,8.0,0.0,2.5786395,8.0,5.0958524
KYSE30_OESOPHAGUS,0.007177499,0.64450645,0.7882751,8.0,7.858886200000001,8.0,8.0,8.0,8.0,8.0,0.81148475,0.1285076,0.08410999,0.6041806,8.0,8.0,8.0,8.0,8.0,8.0,8.0,4.0183535,8.0,8.0
KYSE410_OESOPHAGUS,0.023948349,3.549949,0.14001021,4.9055165999999994,3.8084748,8.0,5.128837,6.0439053,8.0,8.0,0.26924247,0.013451349,8.0,8.0,8.0,8.0,8.0,2.2733552,8.0,8.0,8.0,8.0,8.0,8.0
KYSE450_OESOPHAGUS,0.013682682,4.5908213,0.0,1.4010286,2.5745430000000002,8.0,0.0,2.1569362,0.0,8.0,0.7101957,0.17269613,6.272627,8.0,3.9215133,8.0,8.0,8.0,8.0,8.0,0.0,8.0,8.0,8.0
KYSE510_OESOPHAGUS,0.002542614,0.07861393,0.0,8.0,8.0,8.0,0.0,8.0,0.0,8.0,0.17544498,0.15282361,8.0,8.0,8.0,8.0,8.0,4.9774785,8.0,8.0,0.0,8.0,8.0,8.0
KYSE520_OESOPHAGUS,0.006054605,4.235892,2.2609916,2.1514759999999997,3.7730114,8.0,6.504006400000001,3.292038,8.0,8.0,0.07989961,0.14973523,2.8992424,8.0,4.8661129999999995,8.0,8.0,5.1484137,8.0,8.0,4.369664,3.443651,8.0,8.0
KYSE70_OESOPHAGUS,0.007472156,1.5937295,0.0,2.7443137,8.0,8.0,0.0,3.4868753,0.0,0.0,0.060356256,0.049667668,0.64086336,8.0,8.0,8.0,8.0,1.2575138000000001,8.0,8.0,0.0,3.3046036,8.0,2.0246217
L33_PANCREAS,0.0053549259999999994,0.2545574,0.07414142,4.2697983,2.1245773,8.0,8.0,8.0,8.0,8.0,0.15732087,0.06559268,8.0,8.0,8.0,8.0,8.0,8.0,8.0,8.0,1.9041935,8.0,8.0,8.0
L363_HAEMATOPOIETIC_AND_LYMPHOID_TISSUE,0.0032105379999999998,0.031153897000000003,0.050349064000000006,8.0,8.0,4.8537946,8.0,8.0,0.8919018,5.679341,0.02371369,0.008276213000000001,8.0,8.0,7.322374000000001,4.469187000000001,8.0,0.59810424,0.09034351,1.5398450000000001,0.39563894,0.18558039999999998,8.0,0.55893004
L428_HAEMATOPOIETIC_AND_LYMPHOID_TISSUE,0.10171413,0.3742554,0.37030938,8.0,8.0,5.8445849999999995,6.5502294999999995,8.0,4.4383989999999995,8.0,1.2540221,0.058298577000000004,8.0,8.0,8.0,8.0,8.0,8.0,8.0,8.0,0.39829162,8.0,8.0,5.217923000000001
LC1SQSF_LUNG,0.024235912000000002,6.9298058000000005,0.0,8.0,8.0,8.0,8.0,5.5142765,8.0,8.0,0.28988138,0.14255695,8.0,8.0,8.0,8.0,8.0,8.0,8.0,8.0,7.371242,8.0,8.0,8.0
LCLC103H_LUNG,0.020929208,0.98449844,1.152564,8.0,8.0,8.0,8.0,8.0,8.0,8.0,3.6664492999999996,0.10406112,8.0,8.0,8.0,8.0,8.0,8.0,8.0,8.0,3.8970117999999996,7.560817200000001,8.0,8.0
LN18_CENTRAL_NERVOUS_SYSTEM,0.053672485,0.319844,0.75022024,8.0,8.0,8.0,8.0,0.0,8.0,5.849558,0.060397994,0.07264311,8.0,8.0,8.0,3.491163,8.0,4.497424,8.0,2.2398689,0.98093575,1.1527798999999999,0.0,2.489179
LN229_CENTRAL_NERVOUS_SYSTEM,0.015199101999999999,3.162317,0.0,8.0,8.0,8.0,6.401217,8.0,8.0,8.0,0.061167378,0.07781612,4.980614,8.0,8.0,8.0,8.0,8.0,8.0,7.791689,3.5632800000000002,2.8331127,8.0,8.0
LOUNH91_LUNG,0.006858335,0.46638500000000005,0.07667579,8.0,8.0,8.0,8.0,8.0,8.0,8.0,8.0,0.18238114,8.0,8.0,8.0,8.0,8.0,8.0,8.0,8.0,8.0,2.2799304,8.0,8.0
LOXIMVI_SKIN,0.004568389,0.11007609,0.0,8.0,8.0,8.0,0.0,8.0,8.0,8.0,0.18541798,0.06942247,1.0026765,0.5897017,2.3885977,8.0,8.0,8.0,8.0,5.2912154000000005,2.7089207,4.300870400000001,8.0,8.0
LP1_HAEMATOPOIETIC_AND_LYMPHOID_TISSUE,8.0,0.9417037,1.0101438,8.0,1.7793851000000003,0.7748908,4.0304704,8.0,8.0,1.4930143,0.610797,0.015259461,8.0,8.0,8.0,8.0,8.0,0.24403888,8.0,0.414756,8.0,1.4687516999999999,8.0,8.0
LS123_LARGE_INTESTINE,0.34896284,4.6443048,0.0,8.0,8.0,8.0,8.0,8.0,8.0,8.0,0.34925783,0.047206044,8.0,8.0,8.0,8.0,8.0,7.638451,8.0,8.0,8.0,5.005696299999999,8.0,8.0
LS411N_LARGE_INTESTINE,0.002590775,0.46733886,0.0,8.0,8.0,8.0,0.0,8.0,0.0,8.0,0.081793495,0.035915688,0.013036346,0.13958810000000002,8.0,8.0,8.0,2.9961367,8.0,8.0,1.9027900000000002,2.619785,0.9252845999999999,7.332955
LS513_LARGE_INTESTINE,0.018824603,0.71725047,0.218933,8.0,2.8805525000000003,8.0,8.0,8.0,4.528065,2.1497919999999997,0.029090017000000003,0.05382193,0.031874225,0.43645909999999993,8.0,8.0,8.0,0.5393583000000001,8.0,7.253187,1.0833198999999998,0.15641960000000002,8.0,0.95084786
LU99_LUNG,0.0025,0.052027762000000005,0.035251014,5.644116,3.9266372000000005,4.511263400000001,8.0,5.119233599999999,2.5491202,7.8109836999999995,0.05229861,0.0635241,0.25371414,1.2746483,8.0,8.0,8.0,1.9759813999999998,8.0,2.9365354,0.40186235,1.2219411,4.744395,1.0755645
LUDLU1_LUNG,0.003740356,0.05761482,0.0,1.6524922,2.319642,8.0,4.2894554000000005,1.8259873,8.0,8.0,0.048696097,0.043730054000000004,8.0,8.0,5.546560299999999,8.0,8.0,1.4343069,8.0,8.0,3.1182263,1.1396238,8.0,8.0
MALME3M_SKIN,0.017527899,4.586944,1.857961,8.0,7.3254113,7.791689,4.411683999999999,7.205544500000001,8.0,8.0,0.09072319,0.0408255,0.004154827,0.046187452999999996,8.0,8.0,8.0,2.855089,8.0,5.954422,0.38178107,8.0,0.2855281,4.0146513
MC116_HAEMATOPOIETIC_AND_LYMPHOID_TISSUE,0.011948175,0.12693018,0.0,8.0,8.0,8.0,8.0,8.0,7.997481,8.0,0.7413529000000001,0.11097426,8.0,8.0,8.0,8.0,8.0,8.0,8.0,8.0,8.0,8.0,8.0,8.0
MCAS_OVARY,0.006575953000000001,0.5949245,0.8140443,8.0,6.3240995,8.0,8.0,8.0,8.0,8.0,0.07297306,0.079792894,0.9452401,6.3240027,8.0,8.0,8.0,6.0922847,8.0,5.293411,7.480409,3.3351010000000003,8.0,7.655484700000001
MCF7_BREAST,0.0025,0.7005951,0.40210935,8.0,2.8451939,8.0,8.0,8.0,8.0,8.0,0.01876104,0.0,8.0,8.0,8.0,8.0,8.0,0.7160565999999999,8.0,0.12259167,2.531646,0.3238935,8.0,6.512204
MDAMB415_BREAST,8.0,1.8330971999999999,0.0,8.0,8.0,8.0,3.9747025999999996,8.0,6.2209105000000005,8.0,0.018407384,0.051927954000000005,8.0,8.0,8.0,8.0,8.0,4.382416200000001,8.0,8.0,1.784172,8.0,8.0,5.3685055
MDAMB435S_SKIN,0.003195678,0.25271836,0.39255142,8.0,8.0,8.0,6.4211116,8.0,1.4847002,8.0,0.07622716,0.05799309,0.027077457000000003,0.4215857,8.0,8.0,8.0,5.687198,8.0,7.293634399999999,2.9111583,1.0266325,2.3128428,8.0
MDAMB436_BREAST,0.016697872,0.78094697,0.0,8.0,8.0,8.0,8.0,8.0,8.0,8.0,8.0,0.14509998,8.0,8.0,8.0,8.0,8.0,8.0,8.0,7.9123073,2.5681437999999996,3.2998352,8.0,6.9720902
MDAMB453_BREAST,0.002542614,0.21768211,0.11104588,8.0,1.4378997,4.2550006,8.0,8.0,8.0,8.0,0.015530476000000001,0.010588877,2.7519126,8.0,8.0,8.0,8.0,4.530222,8.0,8.0,2.7318213,0.27478990000000003,8.0,7.292514
MDAMB468_BREAST,0.0025,0.19556092,0.16409414,1.1533293,2.3125587000000003,2.4241998,4.322463,2.3561267999999997,8.0,0.5107121,0.36703026,0.28273899999999996,8.0,8.0,7.8448944,5.0908856,8.0,2.8233807,8.0,5.620064,1.0283845999999999,2.7875674,8.0,1.0046934
MEC1_HAEMATOPOIETIC_AND_LYMPHOID_TISSUE,0.02044052,0.058134917,0.075994484,8.0,8.0,7.4809837,6.0082655,8.0,7.438126,3.4290812000000006,0.43508676,0.017748997,8.0,8.0,8.0,5.5593557,8.0,8.0,8.0,6.4115505,3.309684,0.88469607,8.0,4.106971700000001
MEG01_HAEMATOPOIETIC_AND_LYMPHOID_TISSUE,0.06845769,0.57686216,0.49985793,8.0,8.0,8.0,0.06926907,1.5689518,8.0,8.0,1.0501763000000002,0.06251536,0.2762772,2.041518,1.1652037,8.0,8.0,8.0,8.0,2.577986,1.1337566000000001,8.0,8.0,3.3880303
MELHO_SKIN,0.013635261999999999,1.0030309000000002,0.28256533,8.0,6.552444,6.3806005,7.2663470000000006,5.1668744,8.0,8.0,8.0,0.031638116,0.01382275,0.10809873,8.0,8.0,8.0,5.1682239999999995,8.0,7.1539273,1.1834779,5.39836,0.31297620000000004,5.8029847000000006
MEWO_SKIN,0.023242673,8.0,1.5137604,8.0,8.0,8.0,8.0,8.0,8.0,8.0,8.0,0.10651953,8.0,8.0,8.0,8.0,8.0,8.0,8.0,8.0,8.0,6.0193515,8.0,8.0
MFE280_ENDOMETRIUM,0.026499297,2.2283718999999995,0.743657,8.0,8.0,8.0,8.0,3.284461,8.0,7.7903724,0.20752683,0.045543484,8.0,8.0,8.0,8.0,8.0,8.0,8.0,8.0,1.383289,1.6946265999999999,8.0,8.0
MFE296_ENDOMETRIUM,0.00617474,0.066732004,0.0,8.0,8.0,8.0,0.0,1.809985,0.0,8.0,0.32807484,0.060532678,7.721744500000001,8.0,5.239852,8.0,8.0,7.5018134000000005,8.0,8.0,0.7067456999999999,6.642848,8.0,2.566448
MFE319_ENDOMETRIUM,0.002685393,2.1045673,0.0,1.622309,1.0269230999999999,8.0,0.0,0.9135479,0.0,8.0,0.079697534,0.05967219,2.3320255000000003,8.0,0.021723796,8.0,8.0,7.701842,0.012244953999999999,8.0,0.0,8.0,8.0,3.9776957000000004
MG63_BONE,0.005069705999999999,0.25220254,0.20671548,8.0,8.0,8.0,8.0,8.0,8.0,8.0,0.81463224,0.12660496,8.0,8.0,8.0,8.0,8.0,3.7107027,8.0,5.650015,8.0,1.10885,8.0,5.698129
MHHES1_BONE,0.00261794,0.021923717000000002,0.04603162400000001,7.838871000000001,4.274786499999999,3.2288313,2.5362694,8.0,1.8824383999999998,7.2041054,0.14646831,0.063291304,0.026637657000000002,0.7157047,1.0853238,8.0,8.0,1.775179,8.0,5.1355379999999995,0.2796204,0.64311194,8.0,7.0685015
MIAPACA2_PANCREAS,0.004052020999999999,0.13022059,0.21262221,8.0,7.469959299999999,8.0,8.0,6.5385675,8.0,8.0,0.020956876,0.019623013,0.064959936,0.22502975,8.0,8.0,8.0,2.8616314,8.0,3.012937,2.6097433999999997,1.2366707000000001,8.0,5.867885
MINO_HAEMATOPOIETIC_AND_LYMPHOID_TISSUE,0.002870928,0.04596167,0.06845454,2.840652,3.6860456,8.0,8.0,4.5026779999999995,1.3982335,8.0,0.08199730000000001,0.01013622,8.0,8.0,8.0,8.0,8.0,5.570897,8.0,0.041038327,0.33892995,0.023940077,8.0,1.5966946000000002
MJ_HAEMATOPOIETIC_AND_LYMPHOID_TISSUE,0.0025,0.23488046,0.0,8.0,8.0,8.0,8.0,2.607379,4.616918,8.0,0.097161315,0.013263191,8.0,8.0,8.0,8.0,8.0,8.0,8.0,3.5432477,1.0415325,5.7344837,8.0,8.0
MKN74_STOMACH,0.022440279,0.6938901,1.2152581,8.0,4.689733,8.0,8.0,8.0,8.0,8.0,0.16906065,0.1522846,8.0,8.0,8.0,8.0,8.0,3.769883,8.0,8.0,2.2462091,8.0,8.0,8.0
MKN7_STOMACH,8.0,0.6088391,0.41791674,8.0,8.0,8.0,8.0,8.0,8.0,8.0,0.99664146,0.13995525,8.0,8.0,8.0,8.0,8.0,8.0,8.0,8.0,8.0,5.4661193,8.0,8.0
MOLP8_HAEMATOPOIETIC_AND_LYMPHOID_TISSUE,0.002542614,0.4038489,0.21599993,8.0,8.0,8.0,8.0,8.0,0.83833456,0.16743416,0.3233317,0.018005772,8.0,8.0,8.0,8.0,4.624371,0.33131117,8.0,2.973303,4.9620565999999995,0.9155991,8.0,7.23994
MOLT16_HAEMATOPOIETIC_AND_LYMPHOID_TISSUE,0.003948967,0.017107063999999998,0.021349076,8.0,1.4622620000000002,4.5596156,2.1310689999999997,8.0,0.5514901999999999,4.356861599999999,0.44735405,0.008617696,8.0,8.0,7.289695,2.6532798,3.6640281999999997,5.809139,8.0,5.0792836999999995,0.30039427,0.7739999,8.0,0.21816194
MONOMAC1_HAEMATOPOIETIC_AND_LYMPHOID_TISSUE,0.003496323,0.031757414,0.098226845,2.667338,4.006088,0.007336914,3.8871464999999996,2.4294898999999996,8.0,3.7268123999999996,0.014459794,0.007916458000000001,8.0,8.0,3.6325874,1.3764743,8.0,1.4495655,8.0,0.30434322,0.18140039,0.3158209,8.0,0.028117702999999997
MORCPR_LUNG,0.006695316,0.933623,0.0,8.0,8.0,8.0,0.0,8.0,0.0,8.0,0.07633848,0.029969541000000002,8.0,8.0,8.0,8.0,8.0,8.0,8.0,8.0,0.0,8.0,8.0,8.0
MPP89_PLEURA,0.055855297000000005,0.31521502,0.47883543,8.0,8.0,8.0,8.0,8.0,8.0,8.0,0.20097902,0.06371859,8.0,8.0,8.0,8.0,8.0,8.0,8.0,8.0,8.0,2.0684452,8.0,8.0
MSTO211H_PLEURA,0.013478238,0.25864503,0.0,8.0,8.0,6.9818435,5.9377975,8.0,5.5011625,8.0,0.19037366,0.07372574,1.1024468,8.0,8.0,8.0,3.3725042000000003,8.0,8.0,4.2738013,0.9465624,2.3129494,8.0,2.2818575
NCIH1048_LUNG,0.00391821,0.021476045,0.04101597,8.0,8.0,7.3148413,8.0,2.6590738,8.0,8.0,0.048622094000000005,0.050665624000000006,8.0,8.0,3.120047,8.0,8.0,8.0,8.0,4.134762,2.3404347999999997,1.4852934,8.0,3.4670062000000006
NCIH1092_LUNG,8.0,0.43335912,0.1429451,8.0,8.0,8.0,8.0,8.0,8.0,8.0,8.0,0.06662036,8.0,8.0,8.0,8.0,8.0,8.0,8.0,8.0,8.0,8.0,8.0,8.0
NCIH1184_LUNG,0.005819601,0.10876334,0.031542514,8.0,8.0,8.0,8.0,8.0,8.0,8.0,0.23096254,0.024768112000000002,8.0,8.0,8.0,8.0,8.0,8.0,8.0,8.0,8.0,8.0,8.0,8.0
NCIH1299_LUNG,0.014950856,0.2542018,0.0,8.0,8.0,8.0,0.0,8.0,0.0,8.0,0.26725215,0.15109387,0.44033143,8.0,8.0,8.0,8.0,5.3315220000000005,8.0,8.0,0.72120094,4.3139057,8.0,5.1091776
NCIH1339_LUNG,0.014453353,0.15322323,0.15753369,8.0,8.0,5.292191000000001,7.784989,8.0,8.0,8.0,0.027336582999999998,0.07241247599999999,8.0,8.0,8.0,8.0,8.0,8.0,8.0,8.0,4.1302547,8.0,8.0,8.0
NCIH1341_LUNG,0.002542614,0.06563936,0.19461689999999998,8.0,8.0,8.0,8.0,8.0,8.0,8.0,0.01379581,0.05364446,8.0,8.0,5.702689,8.0,8.0,0.3342549,8.0,1.2010201,2.2817874,1.399953,8.0,2.811039
NCIH1355_LUNG,0.01810618,8.0,0.0,5.5193615,7.8606973,8.0,8.0,8.0,8.0,8.0,0.10448881,0.12150972,0.5192606,5.953964,8.0,8.0,8.0,4.0513897000000005,8.0,7.687539,0.69081634,1.0505797,8.0,8.0
NCIH1373_LUNG,8.0,3.0925615,1.4302553,8.0,8.0,8.0,8.0,8.0,8.0,8.0,0.06768805,0.10805556,8.0,8.0,8.0,8.0,8.0,8.0,8.0,8.0,8.0,8.0,8.0,8.0
NCIH1563_LUNG,8.0,8.0,0.0,8.0,8.0,8.0,8.0,8.0,8.0,8.0,0.21586393,0.23440106,8.0,8.0,8.0,8.0,8.0,8.0,8.0,8.0,8.0,8.0,8.0,7.0690446
NCIH1568_LUNG,0.010964806,0.19822557,0.0,5.7485957,8.0,7.9219155,8.0,8.0,8.0,5.634933,8.0,0.05876704,8.0,8.0,8.0,8.0,8.0,8.0,8.0,8.0,2.2017287999999997,4.127527,4.6208158,8.0
NCIH1573_LUNG,0.014657045,8.0,0.0,8.0,8.0,8.0,8.0,8.0,8.0,8.0,0.1284622,0.12201100599999999,1.578598,8.0,8.0,8.0,8.0,8.0,8.0,8.0,6.6226735,8.0,8.0,8.0
NCIH1581_LUNG,0.009297123000000001,0.75294507,0.0,8.0,8.0,8.0,8.0,8.0,8.0,8.0,0.60542554,0.04596167,8.0,8.0,8.0,8.0,8.0,8.0,8.0,8.0,2.6176927000000005,8.0,8.0,1.2231319
NCIH1648_LUNG,0.0025,1.7767341,0.0,8.0,0.37340882,8.0,5.5909586,8.0,8.0,8.0,8.0,0.08607987,8.0,8.0,8.0,8.0,8.0,8.0,8.0,8.0,0.95937157,8.0,5.766373000000001,8.0
NCIH1650_LUNG,0.009901977,1.7483592000000001,0.0,8.0,5.1524487,8.0,8.0,0.98907644,8.0,7.4871917,0.030661542000000003,0.1768575,8.0,8.0,0.49435213,8.0,8.0,8.0,8.0,8.0,1.6161401000000002,8.0,8.0,6.8632740000000005
NCIH1651_LUNG,0.022404801000000002,0.7309941,0.0,8.0,8.0,8.0,8.0,8.0,8.0,8.0,0.24323794,0.06680175,8.0,8.0,8.0,8.0,8.0,8.0,8.0,8.0,8.0,8.0,8.0,6.8626413
NCIH1666_LUNG,0.002542614,1.009787,0.20950639,0.20396803,0.38649595,8.0,7.7109575,0.5779887,8.0,8.0,0.016954798,0.06993841,0.028687071,0.29859078,1.7024546000000003,8.0,8.0,3.1475835,8.0,8.0,0.43636522,0.042816627999999995,8.0,8.0
NCIH1693_LUNG,0.049781483,0.33714879999999997,0.31338513,8.0,8.0,8.0,8.0,2.7563126000000002,8.0,8.0,8.0,0.05889085,8.0,8.0,8.0,8.0,8.0,8.0,8.0,8.0,6.105266,5.8522215,8.0,8.0
NCIH1694_LUNG,0.018657338,0.060661137000000004,0.04943854,8.0,8.0,8.0,8.0,8.0,8.0,8.0,3.349775,0.02297607,8.0,8.0,8.0,8.0,8.0,8.0,8.0,8.0,8.0,8.0,8.0,8.0
NCIH1703_LUNG,0.016077645,0.6535291999999999,0.0,8.0,8.0,1.5770953,0.0,1.701827,0.0,8.0,0.039121125,0.21618252,8.0,8.0,3.3728669,8.0,8.0,8.0,8.0,8.0,0.0,6.67097,8.0,1.6660525000000002
NCIH1792_LUNG,0.018022098,1.2017986,0.0,8.0,8.0,8.0,8.0,8.0,8.0,8.0,0.103014566,0.1075736,0.8751403,8.0,8.0,8.0,8.0,4.730422,8.0,5.448012,0.67195547,2.5241425,8.0,4.9716705999999995
NCIH1793_LUNG,0.014615448999999999,1.6965543,0.0,8.0,8.0,8.0,8.0,1.8437166,2.0384154,8.0,0.23859712,0.0,8.0,8.0,2.5837347999999998,8.0,8.0,6.899638700000001,8.0,8.0,2.839692,5.928136299999999,8.0,8.0
NCIH1869_LUNG,8.0,1.4428713,1.7017486000000002,3.3328266,8.0,8.0,8.0,3.0966854,8.0,8.0,0.10002056,0.13382842,8.0,8.0,0.793255,8.0,8.0,8.0,8.0,8.0,8.0,2.5089881000000003,8.0,8.0
NCIH1915_LUNG,0.004253245,1.1238725,0.2603072,8.0,8.0,8.0,8.0,8.0,8.0,8.0,0.035393722,0.038531255,0.14635135,1.5920655000000001,8.0,8.0,8.0,8.0,8.0,8.0,0.22340402,3.6141636,8.0,6.193823
NCIH1944_LUNG,0.011522056999999999,0.7096832,0.0,8.0,8.0,8.0,8.0,8.0,4.488176,8.0,0.026266662000000003,0.072113864,0.4162125,8.0,8.0,8.0,8.0,8.0,8.0,8.0,8.0,8.0,8.0,8.0
NCIH1975_LUNG,0.00264905,1.4634825,0.8536433000000001,8.0,8.0,8.0,8.0,8.0,8.0,7.9719676999999995,0.05569507,0.08497494,3.8594787000000004,8.0,8.0,8.0,8.0,8.0,8.0,8.0,1.4212753999999999,2.9058414,8.0,6.715388000000001
NCIH2009_LUNG,0.01844758,0.8158721,0.29275890000000004,8.0,8.0,8.0,8.0,7.427165,8.0,8.0,0.18810329,0.03588205,0.7345399,8.0,8.0,8.0,8.0,8.0,8.0,8.0,3.9248279999999998,3.9513252,8.0,7.162833999999999
NCIH2023_LUNG,0.009333471,0.6407845999999999,0.0,8.0,8.0,8.0,4.0146513,3.6981832999999997,8.0,8.0,0.023395276,0.09329976,8.0,8.0,8.0,8.0,8.0,2.513386,8.0,4.3800473,8.0,3.460036,8.0,5.232933999999999
NCIH2030_LUNG,0.0289447,0.14649081,0.5393583000000001,6.1530437000000004,3.7241800000000005,5.207033,8.0,4.317486,8.0,8.0,0.04906629,0.14027597,8.0,8.0,1.8312403999999998,8.0,8.0,5.7806525,8.0,8.0,0.5876128,6.806889999999999,8.0,4.161973000000001
NCIH2052_PLEURA,0.04403678,0.17722194,0.0,8.0,8.0,8.0,8.0,8.0,8.0,8.0,0.2380699,0.10135227,8.0,8.0,8.0,8.0,8.0,8.0,8.0,7.5810537,0.6959718,3.8562190000000003,8.0,8.0
NCIH2087_LUNG,0.010453116,0.19008727,0.0,8.0,8.0,4.5117483,6.089197,8.0,8.0,8.0,0.064093605,0.11399981,0.054371227,0.41108459999999997,8.0,8.0,8.0,7.722693400000001,8.0,8.0,2.6684856,6.562920599999999,5.2113547,8.0
NCIH211_LUNG,0.008475381,0.17039035,0.15673952,8.0,8.0,8.0,6.04697,8.0,8.0,3.8072464,0.12571734,0.014001844,8.0,8.0,8.0,6.395418,8.0,1.5829448999999998,7.5509509999999995,4.1086125,4.2292595,2.3987098,8.0,3.909844
NCIH2122_LUNG,0.003066643,0.054307785,0.08975698,5.234381,2.9344158,7.538781,7.8556275,8.0,8.0,8.0,0.026409486,0.030371366,0.035555024,0.62589955,3.3767552000000003,8.0,4.5991297,0.1365733,8.0,3.9886483999999998,0.4687697,1.2848513000000001,8.0,3.6782962999999995
NCIH2170_LUNG,0.002542614,0.06257974,0.16386239,1.5643551000000002,0.3009809,8.0,3.3282425000000004,2.6556450000000003,8.0,8.0,0.015281511000000001,0.039551973,8.0,8.0,2.416388,8.0,8.0,8.0,8.0,8.0,6.1871656999999995,1.7488158,8.0,8.0
NCIH2172_LUNG,0.0025,8.0,0.002771225,8.0,8.0,0.026705227999999998,8.0,8.0,8.0,8.0,0.005899465,0.0,8.0,0.002542614,8.0,8.0,8.0,8.0,0.014610312,8.0,8.0,3.5485015,8.0,8.0
NCIH2228_LUNG,0.002949517,0.3472623,0.19499695,8.0,8.0,8.0,8.0,8.0,8.0,8.0,0.11341639,0.06752292,3.9385989,8.0,8.0,8.0,8.0,8.0,8.0,1.6001813,1.8035735000000002,0.04148935,8.0,6.128799400000001
NCIH226_LUNG,8.0,1.0527122,0.0,8.0,8.0,8.0,8.0,8.0,8.0,8.0,8.0,0.26439777,8.0,8.0,8.0,8.0,8.0,8.0,8.0,8.0,3.2967446000000002,4.788106,8.0,8.0
NCIH2286_LUNG,0.004381975,0.035901897,0.07240358,6.0482707,7.3595880000000005,7.001391,2.3868372000000004,8.0,1.4275652,7.965235000000001,0.034514762000000004,0.041530162,1.9841331000000002,8.0,3.6335363,8.0,8.0,8.0,8.0,5.160687,0.18309134,0.68066156,6.0333304000000005,1.1947668
NCIH23_LUNG,0.0035372190000000003,0.73897654,0.0,8.0,8.0,8.0,7.4389259999999995,8.0,8.0,7.1931577,0.046550732000000004,0.06543969,8.0,8.0,8.0,8.0,8.0,4.4634237,8.0,8.0,1.7335962,1.4306508,0.21173799,3.5841415
NCIH2444_LUNG,0.03636594,3.4320852999999993,0.6187296999999999,8.0,1.7465278000000002,8.0,8.0,8.0,6.71415,8.0,0.2680498,0.07822242,0.26706335,8.0,8.0,8.0,8.0,8.0,8.0,8.0,5.748154,8.0,8.0,8.0
NCIH2452_PLEURA,0.007106950999999999,0.67623216,0.2096738,8.0,8.0,8.0,8.0,8.0,8.0,8.0,0.14793132,0.13646288,8.0,8.0,8.0,8.0,8.0,8.0,8.0,8.0,0.23321937,5.233738,8.0,5.839072
NCIH358_LUNG,0.009548982,1.6492460999999998,0.0,2.1327195,2.83834,8.0,8.0,2.1057315,8.0,3.7983667999999997,0.07596647,0.09118707,0.084666125,1.7447103,6.738225,8.0,8.0,6.799887700000001,8.0,8.0,1.6469675,1.3310183999999998,5.514954599999999,5.4536223
NCIH441_LUNG,0.013821052,0.47257286,0.1993616,8.0,8.0,8.0,8.0,8.0,8.0,8.0,0.17063396,0.12132134,8.0,8.0,8.0,8.0,8.0,4.7209845,8.0,8.0,6.1493587,4.349506,8.0,8.0
NCIH460_LUNG,0.029035103,0.2475998,0.0,8.0,8.0,8.0,0.0,8.0,0.0,8.0,0.0637509,0.09872909,8.0,8.0,8.0,8.0,8.0,6.268196,8.0,8.0,7.260768,6.8969892999999995,8.0,8.0
NCIH520_LUNG,0.007693344,0.89785415,0.22780181,8.0,8.0,8.0,8.0,8.0,8.0,8.0,0.09997908,0.05924473,8.0,8.0,8.0,8.0,8.0,8.0,8.0,8.0,2.3802097,7.341634,8.0,2.8061279999999997
NCIH522_LUNG,0.011133007,3.5390589999999995,0.7911503000000001,8.0,8.0,8.0,8.0,8.0,8.0,8.0,0.07963982,0.08338569,8.0,8.0,8.0,8.0,8.0,8.0,8.0,8.0,8.0,8.0,8.0,8.0
NCIH647_LUNG,0.009898632,6.8318224,0.0,8.0,8.0,8.0,8.0,8.0,8.0,8.0,0.14655833,0.33043182,8.0,8.0,3.1848892999999996,8.0,8.0,8.0,8.0,8.0,8.0,8.0,8.0,8.0
NCIH650_LUNG,0.002542614,1.1973575,0.0,8.0,8.0,8.0,8.0,8.0,8.0,8.0,0.30633116,0.14570081,8.0,8.0,8.0,8.0,8.0,7.8750800000000005,8.0,8.0,2.3412259,8.0,8.0,8.0
NCIH661_LUNG,0.06375482,8.0,0.45838714,8.0,8.0,8.0,8.0,8.0,8.0,3.4591858,8.0,0.002623093,8.0,8.0,8.0,8.0,8.0,1.1651322,8.0,8.0,8.0,8.0,8.0,8.0
NCIH727_LUNG,8.0,8.0,7.5050406,8.0,8.0,8.0,8.0,8.0,8.0,8.0,0.34708098,0.07609612,0.020542196999999998,0.4044511,8.0,8.0,8.0,1.0143423,8.0,8.0,8.0,8.0,8.0,8.0
NCIH747_LARGE_INTESTINE,0.025522847,1.0611551000000001,0.0,8.0,8.0,8.0,8.0,8.0,8.0,8.0,0.08412033,0.03571103,0.022053087000000002,0.16377683,8.0,8.0,8.0,2.8823673999999997,8.0,6.117982,8.0,3.3385863,8.0,8.0
NCIH810_LUNG,0.011509143999999999,8.0,0.46682942,8.0,8.0,8.0,5.7775455000000004,8.0,8.0,3.6488062999999995,8.0,0.011893968000000001,8.0,8.0,8.0,8.0,8.0,2.8552644,8.0,8.0,8.0,3.1865041,8.0,8.0
NCIN87_STOMACH,0.008005857,0.34450468,0.0,3.19793,0.06610655,8.0,3.7432797,8.0,8.0,5.916582,0.006280354,0.04671191,5.074838,8.0,0.14846966,8.0,8.0,8.0,8.0,8.0,3.7955669999999997,3.8729606,8.0,6.237362999999999
NCO2_HAEMATOPOIETIC_AND_LYMPHOID_TISSUE,0.002542614,0.088908896,0.12840499,2.7887666,7.333292999999999,2.7365675,0.00760066,0.85140383,8.0,2.8193498,0.11701074,0.026640112,0.13840944,1.7547361000000001,0.13301678,2.5151627,8.0,1.6404279999999998,8.0,0.6241137,1.0064110000000002,0.06636737,0.8806651,2.27755
NIHOVCAR3_OVARY,0.004321144,1.3081733,0.34705433,8.0,5.117735,2.0279715,8.0,1.3253261,8.0,8.0,0.24593186,0.04846326,8.0,8.0,1.3630286,8.0,8.0,8.0,8.0,8.0,2.1174417,2.4497647000000002,8.0,8.0
NUGC3_STOMACH,0.0025,0.11532969,0.05115755599999999,0.7383865,2.4107525,7.1276,8.0,2.0268311999999997,8.0,4.558413,0.061240714,0.07344765,8.0,8.0,3.6661677000000004,8.0,8.0,8.0,8.0,8.0,1.555441,2.9383855,8.0,6.817145299999999
NUGC4_STOMACH,0.003304154,0.11084988,0.0,0.258506,0.17154332,8.0,4.3567279999999995,0.64373463,1.6062893,8.0,0.019910261000000002,0.00967196,0.011152006,0.067623615,0.40075886,3.0095139,8.0,8.0,8.0,8.0,6.783924000000001,8.0,8.0,6.366208
OC316_OVARY,0.009912783,0.32441136,0.29067513,8.0,8.0,8.0,8.0,6.4092855,8.0,8.0,0.1647711,0.120042175,8.0,8.0,8.0,8.0,8.0,8.0,8.0,8.0,3.029599,8.0,8.0,8.0
OCIAML2_HAEMATOPOIETIC_AND_LYMPHOID_TISSUE,0.007498603,0.04361734,0.08137615,8.0,8.0,2.154982,6.798112,8.0,1.5283681,8.0,0.08861029,0.02032623,0.0025,0.012838798,8.0,8.0,6.549626,8.0,8.0,4.00252,1.8446232,0.9984343000000001,8.0,3.4115846
OCIAML5_HAEMATOPOIETIC_AND_LYMPHOID_TISSUE,0.0025,0.048216722999999996,0.07266989,8.0,8.0,1.3256111000000002,7.265677,8.0,5.7998652,1.1314773999999999,0.30526479999999995,0.011386046,0.27463117,2.2451742,8.0,8.0,3.4168296000000002,1.2382486000000001,8.0,4.026139,2.6431906,0.7618691,8.0,1.4003831
OCUM1_STOMACH,0.008336824,0.19988291,0.25681984,8.0,8.0,8.0,8.0,8.0,8.0,8.0,0.04638156,0.016655602,0.019374402,0.06757481,8.0,8.0,8.0,8.0,8.0,4.0165634,8.0,3.4631202000000005,8.0,8.0
OE33_OESOPHAGUS,0.002542614,0.1782239,0.10038691,6.558083,3.5383523,8.0,8.0,8.0,8.0,8.0,0.058549874,0.035405684,1.2078878999999998,8.0,2.7443137,8.0,8.0,5.732457599999999,8.0,0.8948249,1.9859627,2.6041367,8.0,8.0
ONS76_CENTRAL_NERVOUS_SYSTEM,0.0,0.28227434,0.5809708,8.0,8.0,4.2047725,8.0,8.0,8.0,8.0,1.5658938999999998,0.12355956,0.045527395,0.31749424,8.0,8.0,8.0,8.0,8.0,8.0,4.1730485,8.0,8.0,8.0
OPM2_HAEMATOPOIETIC_AND_LYMPHOID_TISSUE,0.24827014,0.16454597,0.059301183,8.0,8.0,8.0,8.0,8.0,8.0,8.0,0.6663941999999999,0.0025,8.0,8.0,8.0,8.0,8.0,8.0,8.0,8.0,8.0,8.0,8.0,8.0
OV90_OVARY,0.011053084,0.22412243,0.22690423,8.0,8.0,7.591075999999999,6.7035350000000005,8.0,8.0,8.0,0.018589249,0.029783206,0.022402047999999997,0.14464153,8.0,8.0,8.0,5.7576985,8.0,8.0,1.341343,1.6185999,8.0,8.0
OVCAR4_OVARY,0.008228295,0.22894901,1.580782,8.0,8.0,5.216080000000001,8.0,8.0,8.0,8.0,0.45915532,0.10043473,8.0,8.0,8.0,8.0,8.0,8.0,0.65264636,8.0,3.7752144,4.0987153,8.0,8.0
OVCAR8_OVARY,0.0051118579999999995,0.07690463,0.07627518,8.0,5.0959306,6.164681,7.5705800000000005,8.0,8.0,8.0,0.14612895,0.025208007999999997,8.0,8.0,3.5471687000000007,8.0,8.0,6.789674000000001,8.0,7.620050999999999,2.6963825,6.8867199999999995,8.0,6.0259204
OVMANA_OVARY,8.0,2.3044376,2.6277657000000003,8.0,8.0,8.0,8.0,8.0,8.0,8.0,0.36470345,0.1667368,8.0,8.0,3.4851080999999997,8.0,8.0,6.485648,8.0,8.0,8.0,3.3672757000000004,8.0,8.0
OVSAHO_OVARY,8.0,3.2489321,1.7870263,8.0,8.0,8.0,8.0,8.0,8.0,8.0,3.4649827000000006,0.20274968,8.0,8.0,8.0,8.0,8.0,8.0,8.0,8.0,6.512304299999999,8.0,8.0,8.0
OVTOKO_OVARY,8.0,0.2662932,0.2825523,8.0,8.0,8.0,8.0,0.0,8.0,8.0,0.8058202,0.14805181,8.0,8.0,1.413676,8.0,8.0,8.0,8.0,8.0,2.0809705000000003,7.678686999999999,0.0,8.0
P12ICHIKAWA_HAEMATOPOIETIC_AND_LYMPHOID_TISSUE,0.0033252859999999998,0.029561677999999997,0.021059502,8.0,6.9822726,6.1013694,8.0,8.0,2.0726118000000002,3.5564443999999997,0.5941664000000001,0.010791685,8.0,8.0,8.0,8.0,8.0,8.0,8.0,6.147753,1.3274655,1.7782084999999999,8.0,2.8703928
P31FUJ_HAEMATOPOIETIC_AND_LYMPHOID_TISSUE,0.009502594,0.07034354,0.11808878,8.0,8.0,4.265406,8.0,8.0,8.0,4.8735943,0.54971397,0.011931117,0.020692002,0.36200190000000004,8.0,8.0,8.0,8.0,8.0,8.0,0.6022069,2.6095028,8.0,8.0
P3HR1_HAEMATOPOIETIC_AND_LYMPHOID_TISSUE,0.010103884,0.34815967,0.0,8.0,8.0,8.0,8.0,6.6226735,7.5571012,8.0,1.0206571,0.06384793,8.0,8.0,8.0,8.0,8.0,8.0,8.0,8.0,8.0,8.0,8.0,8.0
PANC0203_PANCREAS,0.016453935,1.1813526,0.43817216,4.2193312999999995,5.1972837,5.70426,8.0,2.1459308,8.0,8.0,0.082458355,0.050079852,0.019754883,0.15040378,2.5650291000000003,8.0,8.0,2.6127117,8.0,5.510635400000001,4.425939,4.1081705,8.0,8.0
PANC0327_PANCREAS,0.003208714,0.36909400000000003,0.14136624,8.0,6.9040919999999995,8.0,8.0,8.0,8.0,8.0,0.06811049,0.13777515,2.4161653999999997,8.0,8.0,8.0,8.0,8.0,0.7739603,1.0110731,1.4371489,3.2270956,8.0,8.0
PANC0403_PANCREAS,0.010263606,0.7495406,0.45351225,8.0,8.0,0.99323463,8.0,8.0,8.0,8.0,0.06934998,0.0481797,0.38041702,8.0,8.0,8.0,8.0,4.073607,8.0,5.0293593,3.236628,0.6867744,8.0,8.0
PANC1005_PANCREAS,0.0033558190000000003,0.20539238,0.16512077,8.0,7.9876585,2.9486837,8.0,8.0,8.0,8.0,0.086982444,0.093791224,0.32165724,8.0,2.7579644,8.0,8.0,5.78785,8.0,3.3062942000000004,4.709105999999999,5.897616999999999,8.0,8.0
PATU8902_PANCREAS,8.0,1.7891138,0.0,8.0,8.0,8.0,0.0,8.0,0.0,8.0,0.6604628,0.09386328599999999,8.0,8.0,8.0,8.0,8.0,3.1226363,8.0,8.0,0.0,2.8697755000000003,8.0,8.0
PC14_LUNG,0.00405059,0.43655297,0.0,0.06461856,2.149659,8.0,0.0,0.22603795,0.0,2.7046794999999997,0.1011454,0.07805437,8.0,8.0,0.30916294,8.0,8.0,3.1686387000000003,8.0,8.0,0.0,1.986695,8.0,4.1446824
PC3_PROSTATE,0.017974542,1.1309559999999999,0.391233,8.0,8.0,8.0,8.0,4.980614,8.0,8.0,0.38813812,0.082746394,8.0,8.0,3.7257822,8.0,8.0,8.0,8.0,8.0,8.0,6.5038066,8.0,8.0
PFEIFFER_HAEMATOPOIETIC_AND_LYMPHOID_TISSUE,0.0025,0.19456907,0.0,6.2512717,8.0,8.0,8.0,1.3266704,3.862197,8.0,0.44966215,0.020266367,8.0,8.0,1.2358541,8.0,8.0,4.0878366999999995,8.0,0.35973603,0.22518882,2.2882462,8.0,3.347728
PK1_PANCREAS,0.008773310999999999,1.541857,0.3226272,8.0,7.236271,8.0,8.0,8.0,8.0,8.0,0.07874567,0.094414264,0.9528503,8.0,8.0,8.0,8.0,6.922677,8.0,8.0,2.1415837000000004,8.0,8.0,6.30044
PK45H_PANCREAS,0.015860058,8.0,1.0257497,8.0,8.0,8.0,8.0,8.0,8.0,8.0,0.13419692,0.085423864,0.03525318,0.13799757,8.0,8.0,8.0,4.8845367,8.0,8.0,2.7752192000000004,2.8874638,8.0,7.462503999999999
PK59_PANCREAS,0.018169707,1.7280127,1.561426,8.0,6.190493599999999,8.0,8.0,8.0,8.0,8.0,0.19934934,0.13488102,0.4900499,8.0,8.0,8.0,8.0,6.614032000000001,8.0,6.3981695,3.1046996,2.6419322,8.0,8.0
PSN1_PANCREAS,0.01755916,0.5110699000000001,0.0,8.0,8.0,8.0,0.0,8.0,0.0,8.0,0.15099874,0.08824352,0.24663179,0.79709125,8.0,8.0,8.0,8.0,8.0,8.0,0.0,7.245392,8.0,8.0
QGP1_PANCREAS,0.002542614,8.0,0.0,8.0,8.0,8.0,0.0,8.0,0.0,8.0,0.14102139,0.053981735999999995,0.08550394,0.07883524,8.0,8.0,8.0,2.3741114,8.0,8.0,0.0,2.0611498,8.0,8.0
RAJI_HAEMATOPOIETIC_AND_LYMPHOID_TISSUE,0.010622928,0.16969553,0.0,8.0,8.0,8.0,8.0,8.0,8.0,8.0,2.6616485,0.062461607,8.0,8.0,8.0,8.0,8.0,8.0,8.0,8.0,8.0,8.0,8.0,8.0
RD_SOFT_TISSUE,0.0025,0.5192765,0.0,8.0,8.0,8.0,0.0,4.201286,8.0,8.0,0.11705568400000001,0.026320383,0.25415495,1.3790351,8.0,8.0,8.0,2.8003147,8.0,4.678461599999999,1.4588809999999999,1.981057,8.0,8.0
REH_HAEMATOPOIETIC_AND_LYMPHOID_TISSUE,0.005274509,0.12633492,0.0,8.0,7.8115835,8.0,8.0,8.0,5.9125843,6.6145396,0.5570844,0.031442855,8.0,8.0,8.0,8.0,7.5874619999999995,4.6578803,4.6922809999999995,6.6714826,0.0,3.6862156,8.0,3.5027127
RERFGC1B_STOMACH,0.022975717000000003,0.37224856,0.0,8.0,8.0,8.0,8.0,2.2361217,8.0,8.0,1.9313852999999999,0.05705904,8.0,8.0,1.5692652,8.0,8.0,1.7081918,8.0,8.0,8.0,5.736598000000001,8.0,8.0
RERFLCAI_LUNG,0.003108381,0.3610966,0.20093889999999998,8.0,8.0,8.0,8.0,8.0,8.0,8.0,0.101998895,0.05961905,8.0,8.0,8.0,8.0,8.0,7.2041054,8.0,8.0,8.0,6.855476400000001,8.0,4.345899
RERFLCMS_LUNG,0.008268842,3.0545065,0.0,8.0,8.0,8.0,8.0,8.0,8.0,8.0,0.16149087,0.16285108,8.0,0.0,8.0,0.0,8.0,8.0,0.0,8.0,7.764566,8.0,8.0,8.0
RKO_LARGE_INTESTINE,0.0025,0.2511201,0.24045159,8.0,8.0,8.0,8.0,8.0,8.0,8.0,0.07642883,0.049809784,0.12391692,1.8990228999999998,8.0,8.0,8.0,5.7508919999999994,8.0,5.508096,1.5326236,3.1453118,8.0,5.9118580000000005
RL952_ENDOMETRIUM,0.0025,3.644717,2.1141589,3.0603306,3.0129832999999997,8.0,8.0,3.7397735,8.0,8.0,0.037230793,0.036188725,0.06361687,1.5256938999999998,2.0970802,8.0,8.0,5.130570400000001,8.0,4.4041004,0.29658390000000007,1.3421882,8.0,3.4676452000000006
RPMI7951_SKIN,0.0025,0.21925274,0.0,8.0,8.0,8.0,0.0,5.9053226,0.0,8.0,0.015701033,0.043707892000000005,8.0,8.0,8.0,8.0,8.0,6.7508655,8.0,4.252909,2.4053886,3.6497595,8.0,8.0
RPMI8402_HAEMATOPOIETIC_AND_LYMPHOID_TISSUE,0.0041045840000000005,0.029627598999999998,0.029797392000000002,8.0,5.996371,5.4207134,8.0,5.1761694,1.4269196000000002,8.0,0.7017691,0.011322903999999998,8.0,8.0,7.867946000000001,5.857888,8.0,2.8375117999999997,8.0,5.304725599999999,3.2993282999999995,1.0232474,8.0,2.9336047
RT112_URINARY_TRACT,0.003794526,0.0852207,0.23158783,8.0,6.525924,4.8222830000000005,8.0,2.7647939,8.0,8.0,0.063486055,0.04314751,0.4688057,3.9922652000000003,7.9062324,8.0,8.0,0.9864513,8.0,5.654008999999999,3.11234,0.5498829000000001,8.0,0.63875026
RT4_URINARY_TRACT,0.004950418,0.7452236999999999,0.38925472,8.0,8.0,0.19025916,8.0,2.343313,8.0,8.0,0.058811292,0.04782648,8.0,4.402424,0.3537938,8.0,8.0,8.0,8.0,3.469063,1.7089379,0.32397659999999995,8.0,1.5440376
SBC5_LUNG,0.0025,0.2179565,0.21217845,8.0,8.0,5.1306496,8.0,8.0,8.0,8.0,0.14106905,0.022658857,1.3382969999999998,8.0,8.0,8.0,8.0,5.445501999999999,8.0,1.5746987,5.9002447,1.8631630000000001,8.0,5.201836599999999
SCABER_URINARY_TRACT,0.002542614,0.76959735,0.25397542,0.73428047,1.5117657,8.0,8.0,1.0165104999999999,8.0,8.0,0.07790104,0.03209829,1.8431786000000001,8.0,1.2428986000000002,8.0,8.0,8.0,1.2827623,4.5563946,1.0227916,1.3470837,8.0,3.7746345999999997
SCC25_UPPER_AERODIGESTIVE_TRACT,0.0025,0.36820490000000006,0.0,0.0,2.3985991,8.0,0.0,1.8126284,8.0,8.0,0.09186899,0.0,3.1336405,8.0,3.025878,8.0,8.0,0.0,5.165287,8.0,1.4414383,5.110826,8.0,7.6234465
SCC9_UPPER_AERODIGESTIVE_TRACT,0.005892466999999999,1.6460063000000003,0.0,1.4943334,4.2872157,8.0,0.0,0.8266968000000001,0.0,8.0,0.046046477,0.019478851999999998,0.4898843,5.701105999999999,8.0,8.0,8.0,3.9184422,6.0705175,8.0,2.3925638,8.0,8.0,7.554548
SF126_CENTRAL_NERVOUS_SYSTEM,0.06871372,0.06171101,0.1251739,8.0,8.0,6.2391834,8.0,8.0,8.0,8.0,1.2205341,0.098997906,6.8956122,8.0,8.0,8.0,8.0,5.494321299999999,8.0,8.0,2.1647036,3.0228117,8.0,2.9086998
SF295_CENTRAL_NERVOUS_SYSTEM,0.03881523,0.35075253,0.19690839999999998,8.0,8.0,8.0,8.0,8.0,8.0,8.0,0.17188624,0.10690148,8.0,8.0,8.0,8.0,8.0,8.0,8.0,4.456161499999999,2.2691336,4.876365,8.0,6.21145
SH10TC_STOMACH,0.019594096000000002,2.6322906,1.9580928,8.0,8.0,8.0,7.977113,8.0,8.0,8.0,0.42586872,0.10355719999999999,8.0,8.0,8.0,8.0,8.0,8.0,8.0,8.0,5.334225,8.0,8.0,8.0
SHP77_LUNG,0.25044206,7.4736323,1.9290428,8.0,8.0,8.0,8.0,8.0,8.0,8.0,0.31229904,0.12698089,8.0,8.0,8.0,8.0,8.0,8.0,8.0,8.0,8.0,8.0,8.0,8.0
SIGM5_HAEMATOPOIETIC_AND_LYMPHOID_TISSUE,0.0025,0.04164324,0.067426525,5.47666,7.851887,5.0546093,1.6496008999999998,8.0,0.39775968,0.40616578,0.1702543,0.008993969000000001,0.002542614,0.006444348000000001,8.0,0.44966996,1.4507239,0.64528906,8.0,2.8550012000000002,0.15710352,0.119100615,0.033569853999999996,1.1991062
SIMA_AUTONOMIC_GANGLIA,0.002542614,0.042583194000000005,0.042342495,8.0,8.0,4.717532599999999,8.0,8.0,8.0,4.650682,1.7787004000000002,0.058679536,1.3380091,8.0,8.0,8.0,8.0,0.45845756,8.0,8.0,3.2453907,0.8375751,8.0,1.340071
SJRH30_SOFT_TISSUE,0.0076495059999999995,0.13071564,0.0,8.0,8.0,7.8966436,8.0,8.0,8.0,8.0,0.7463465,0.025780162000000002,8.0,8.0,8.0,8.0,8.0,2.0021671999999997,8.0,3.4164097,3.00956,1.1253238,8.0,8.0
SJSA1_BONE,0.016656112,0.19628626,0.0,8.0,8.0,8.0,0.0,8.0,8.0,8.0,0.31238058,0.11665717,8.0,8.0,8.0,8.0,6.4565220000000005,4.1132855,8.0,5.97357,3.5154345,8.0,8.0,8.0
SKBR3_BREAST,0.011064467,0.062866874,0.066147186,8.0,0.19639184,8.0,8.0,8.0,8.0,8.0,0.03655413,0.031782795,8.0,8.0,8.0,8.0,8.0,8.0,8.0,8.0,2.9613147,8.0,8.0,8.0
SKCO1_LARGE_INTESTINE,8.0,8.0,0.0,8.0,0.71562016,8.0,0.15920667,3.1796097999999997,8.0,8.0,0.055818412000000005,0.13543539,0.12751257,0.92298484,3.300038,8.0,8.0,5.9011510000000005,8.0,8.0,5.156408,0.91010207,8.0,7.279530499999999
SKES1_BONE,0.002542614,0.041868385,0.0271829,8.0,8.0,8.0,8.0,8.0,8.0,5.356478,0.5631937,0.021772686,8.0,8.0,8.0,8.0,8.0,0.87074184,8.0,3.4363055,0.09614279,0.70768,8.0,2.5110705
SKHEP1_LIVER,0.0025,0.82817125,0.494542,7.896037,8.0,8.0,8.0,8.0,8.0,8.0,0.23015147,0.040991407,8.0,8.0,8.0,8.0,8.0,8.0,8.0,7.517156,0.17397425,4.221799,8.0,2.0809386
SKLMS1_SOFT_TISSUE,0.018775795,0.17347786,0.0,4.445358799999999,7.136584299999999,8.0,0.0,6.580183,0.0,0.0,0.2722662,0.06376069,2.3233836,8.0,8.0,8.0,8.0,2.3152957,8.0,6.123247,0.0,4.916078,6.450375599999999,2.2054862999999996
SKLU1_LUNG,0.022293221000000002,0.38300290000000003,0.24618134,8.0,8.0,8.0,8.0,2.8560102,8.0,8.0,0.035872127999999996,0.14629741,8.0,8.0,4.573154,8.0,8.0,7.5280185,3.13119,8.0,0.87509996,2.1816962,8.0,3.957035
SKMEL24_SKIN,0.10213217,0.38891402,0.17700699,8.0,8.0,8.0,6.903136999999999,4.028242,8.0,8.0,0.17434344,0.09970301,0.08025265,2.3126297,8.0,8.0,8.0,4.4038296,8.0,8.0,6.2842007,4.193741999999999,5.154507,8.0
SKMEL2_SKIN,0.026818315,0.26980218,0.8555469000000001,8.0,8.0,8.0,8.0,8.0,8.0,8.0,8.0,0.03325266,0.23381846,2.4132721,8.0,8.0,8.0,8.0,8.0,8.0,3.4930943999999995,8.0,2.531646,8.0
SKMEL30_SKIN,0.015178802,1.8082619999999998,1.1628076,8.0,8.0,7.425682000000001,8.0,8.0,8.0,8.0,8.0,0.13898471,0.012090529,0.09143956,8.0,8.0,8.0,5.286097,8.0,8.0,1.2007466999999998,8.0,8.0,8.0
SKMEL5_SKIN,0.0025,0.36630365,0.16943243,8.0,8.0,7.0744762,8.0,8.0,8.0,8.0,0.2105388,0.034428976,0.013439163,0.16886857,8.0,8.0,8.0,3.7408652,8.0,8.0,0.52340096,3.8423233,0.36911103,6.192871
SKMES1_LUNG,0.019149521,0.09915924,0.0,0.9651513,1.4764441000000001,8.0,0.0,1.4294646,0.0,0.0,0.026852531000000002,0.074044675,0.8646902,8.0,1.3353193,1.3235636,8.0,1.9641784,3.3297257000000005,4.934691,0.0,1.9707066999999998,6.108966400000001,1.8403776
SKNAS_AUTONOMIC_GANGLIA,0.007667506,0.24845709,0.0,8.0,8.0,8.0,0.0,8.0,8.0,8.0,0.38524523,0.017542174,0.056742615999999996,0.20324552,8.0,8.0,8.0,8.0,8.0,2.9337400000000002,0.0,3.056384,8.0,8.0
SKNDZ_AUTONOMIC_GANGLIA,0.006010402,0.13066545,0.0,8.0,8.0,8.0,0.0,5.974488,8.0,7.0258484,0.63713324,0.012857153,8.0,8.0,8.0,8.0,8.0,1.2999996999999999,8.0,2.908521,8.0,2.0691125,8.0,5.621532
SKNFI_AUTONOMIC_GANGLIA,0.43227535,8.0,0.0,8.0,8.0,8.0,0.0,8.0,0.0,8.0,0.9933094000000001,0.052231967000000004,8.0,8.0,8.0,8.0,8.0,0.16488609,8.0,8.0,1.8296067999999999,3.7058382000000005,8.0,2.5687342
SKNSH_AUTONOMIC_GANGLIA,0.024853487999999996,0.29813245,0.0,8.0,8.0,8.0,5.2054339999999995,3.6704504,8.0,8.0,0.23703353,0.022701712000000002,8.0,8.0,8.0,8.0,7.611627599999999,0.85026675,8.0,1.9027314999999998,1.5774587,0.3833502,6.900911,2.7280052
SKOV3_OVARY,0.013747575,0.610328,0.3009809,8.0,0.9837123999999999,8.0,8.0,8.0,8.0,8.0,0.11710604,0.14139229999999997,8.0,8.0,2.5454812,8.0,8.0,5.594051400000001,0.45452356,8.0,0.24052918,8.0,8.0,1.7479295
SNGM_ENDOMETRIUM,0.018114803,1.1873931,1.5180025,8.0,8.0,8.0,8.0,8.0,8.0,8.0,0.27879262,0.13646078,8.0,8.0,7.4571179999999995,8.0,8.0,8.0,8.0,8.0,0.6702647,7.0804563,8.0,6.8874607
SNU182_LIVER,0.04812422400000001,5.256702,0.0,8.0,8.0,8.0,8.0,8.0,8.0,8.0,1.199917,0.09661954,8.0,8.0,7.239161500000001,8.0,8.0,8.0,8.0,8.0,8.0,8.0,8.0,8.0
SNU1_STOMACH,0.005922596,0.15279779,0.0,8.0,8.0,3.8442714,8.0,8.0,5.734572,8.0,0.04666959,0.07561718,0.07532502,2.090872,8.0,8.0,3.7133257000000004,6.077796,8.0,4.3777266,1.6185751,2.5423548,8.0,5.1304917
SNU387_LIVER,0.015857622,8.0,0.0,8.0,8.0,8.0,0.0,8.0,0.0,8.0,0.34042752,0.14658085,8.0,8.0,8.0,8.0,8.0,8.0,8.0,8.0,0.0,8.0,8.0,8.0
SNU398_LIVER,0.0025,0.5406109,0.0,8.0,8.0,8.0,0.0,8.0,0.0,8.0,0.5473209,0.054073863,1.226285,8.0,8.0,8.0,8.0,8.0,8.0,4.8212457,3.9882807999999996,0.046819355,8.0,1.5675589
SNU423_LIVER,0.010886092,8.0,0.0,8.0,8.0,8.0,8.0,8.0,8.0,8.0,0.8553892,0.22145638,8.0,8.0,8.0,8.0,8.0,8.0,8.0,8.0,7.459295,8.0,8.0,8.0
SNU449_LIVER,2.6993248,2.1412218,1.1407797,8.0,8.0,8.0,8.0,2.8894606,8.0,8.0,1.9629416000000002,0.20375821,8.0,8.0,7.714275,8.0,8.0,6.3882504,8.0,8.0,7.26657,8.0,8.0,8.0
SNU475_LIVER,0.007151415,8.0,0.0,8.0,8.0,8.0,0.0,8.0,0.0,8.0,0.002542614,0.14582846,8.0,8.0,8.0,8.0,8.0,3.2551227000000003,8.0,8.0,1.2172948000000001,8.0,8.0,5.155742
SNUC2A_LARGE_INTESTINE,0.04794786,1.2461295000000001,0.0,8.0,8.0,8.0,8.0,8.0,8.0,8.0,0.25648075,0.12025812,8.0,8.0,8.0,8.0,8.0,8.0,8.0,8.0,8.0,3.785261,8.0,8.0
SQ1_LUNG,0.022958782,0.31558007,0.0,5.9999647000000005,8.0,8.0,0.0,4.6448045,0.0,8.0,0.12330926,0.048271562999999997,2.7996695,8.0,3.1679573,8.0,8.0,8.0,0.2936282,8.0,0.0,7.3190002000000005,8.0,8.0
SU8686_PANCREAS,0.002542614,0.52991366,0.0,8.0,8.0,8.0,0.0,8.0,8.0,8.0,0.24354453,0.1147289,8.0,8.0,8.0,8.0,8.0,8.0,8.0,8.0,3.9089432,8.0,8.0,8.0
SUDHL10_HAEMATOPOIETIC_AND_LYMPHOID_TISSUE,0.003111677,0.10702965,0.27648526,8.0,0.89234287,8.0,8.0,6.582710700000001,0.25608200000000003,6.157677,0.22516808,0.018079497,8.0,8.0,8.0,8.0,8.0,0.17997508,8.0,0.17960964,5.109413,0.100763135,8.0,0.20658424
SUDHL4_HAEMATOPOIETIC_AND_LYMPHOID_TISSUE,0.004502342,0.05818048,0.05829947,8.0,5.0366273,4.566555,5.0419683,2.8089313999999996,0.62515,4.8806367,0.24027066,0.013596984,8.0,8.0,0.62076706,2.3109604999999998,8.0,3.7501864,8.0,3.8730202000000005,3.2635386000000004,3.9026432,3.6071767999999995,2.3811607000000006
SUDHL6_HAEMATOPOIETIC_AND_LYMPHOID_TISSUE,0.002542614,0.114836454,0.11558864,8.0,0.38625565,5.623218,0.09924006,0.32307443,8.0,0.11815829,0.33302215,0.008514922,8.0,8.0,0.510724,8.0,8.0,0.39866292,4.69739,1.0188692,3.8056676,0.29279724,8.0,4.1859536
SUDHL8_HAEMATOPOIETIC_AND_LYMPHOID_TISSUE,0.002547168,0.030706322,0.026439931,8.0,6.819135,2.2230507999999998,5.790518,7.9881496,1.2123866,6.7506580000000005,0.11760903,0.011587021999999999,8.0,8.0,8.0,7.086876400000001,8.0,0.35650924,8.0,2.4183192000000004,2.2639804,2.1453373,8.0,3.6091146000000003
SUPM2_HAEMATOPOIETIC_AND_LYMPHOID_TISSUE,0.002542614,0.07750475,0.028892279,8.0,8.0,8.0,8.0,8.0,5.921947,8.0,0.09729275,0.013358067,1.1583683,6.5487204000000006,8.0,8.0,8.0,8.0,0.17829236,1.8231004000000002,2.4441482999999997,0.093504936,8.0,8.0
SW1088_CENTRAL_NERVOUS_SYSTEM,0.002542614,7.86408,0.0,8.0,6.7370863,8.0,1.0209723,8.0,8.0,8.0,0.06266729,0.20241359,8.0,8.0,8.0,8.0,8.0,8.0,8.0,8.0,0.9213699000000001,8.0,6.770389999999999,0.524659
SW1271_LUNG,0.010101246,0.13332364,0.22140196,8.0,8.0,8.0,8.0,4.940304,8.0,8.0,0.29341176,0.11888967,0.6652588,1.7081392,8.0,8.0,8.0,4.892798,8.0,8.0,3.4915385000000003,8.0,8.0,8.0
SW1353_BONE,0.01130726,2.205317,0.58943,8.0,8.0,8.0,8.0,8.0,8.0,8.0,0.14058878,0.06598885,8.0,8.0,8.0,8.0,8.0,8.0,8.0,8.0,8.0,4.319675,8.0,8.0
SW1417_LARGE_INTESTINE,0.02421284,0.23174086,0.0,8.0,8.0,8.0,0.0,8.0,8.0,8.0,0.068497665,0.05757766,0.047472205,0.20047025,8.0,8.0,8.0,3.9272406,8.0,8.0,0.20236985,0.19243729,2.2787747000000005,8.0
SW1573_LUNG,0.01579805,0.045900285,0.0,8.0,8.0,8.0,0.0,8.0,0.0,8.0,8.0,0.09811072,8.0,8.0,8.0,8.0,8.0,2.9939282000000005,8.0,8.0,0.0,3.0888581000000004,8.0,6.780694500000001
SW1990_PANCREAS,0.03416922,0.04162853,0.0,8.0,8.0,8.0,7.833575,8.0,8.0,8.0,0.05529780000000001,0.12005324,0.22580543,3.9960080000000002,7.550835,8.0,8.0,8.0,8.0,5.5757769999999995,2.4648263,1.548194,8.0,4.1170154000000005
SW403_LARGE_INTESTINE,0.005492983000000001,0.05771403,0.10932449999999999,8.0,2.3795545,8.0,8.0,8.0,8.0,8.0,0.05081294,0.024751758,0.01597572,0.06491704,8.0,8.0,8.0,1.9781984000000001,8.0,0.67356473,3.4081275,0.9270915999999999,8.0,8.0
SW480_LARGE_INTESTINE,0.015503778999999999,0.19277506,0.32038984,8.0,8.0,7.946047999999999,8.0,8.0,8.0,8.0,0.10652117,0.04848709,0.18650638,2.803629,8.0,8.0,8.0,6.7470293,8.0,7.879921,3.0608947,3.4046216,8.0,8.0
SW48_LARGE_INTESTINE,0.003591424,0.09755316,0.08142867,1.2150902,8.0,8.0,8.0,8.0,8.0,6.7222,0.014938917,0.03922041,0.008396589,0.036256052999999996,8.0,8.0,8.0,0.68749213,8.0,7.0522327,3.6404083,0.33778125,8.0,3.0029101000000002
SW579_THYROID,0.015498778000000001,0.28780922,0.17214257,8.0,8.0,8.0,3.26409,2.970929,8.0,8.0,0.08014669,0.058784194000000005,5.7931870000000005,8.0,4.1613975,8.0,8.0,8.0,8.0,8.0,2.7992394,5.123246,8.0,1.6468916
SW620_LARGE_INTESTINE,0.0025835420000000003,0.11075456,0.09933457,8.0,8.0,8.0,8.0,8.0,8.0,8.0,0.03864982,0.032865684,0.00991583,0.058131345,8.0,8.0,8.0,1.7735436000000002,8.0,3.1288786,3.3309534,0.9814934999999999,8.0,3.311057
SW780_URINARY_TRACT,0.010781743,1.0933561,0.46305826,8.0,8.0,8.0,8.0,8.0,1.6421169999999998,8.0,0.055612142999999996,0.11163597,0.28827825,4.8657392999999995,8.0,8.0,8.0,4.625792,8.0,8.0,6.271085299999999,1.9514265,8.0,3.818023
SW900_LUNG,0.018849200000000003,2.7825189,0.0,8.0,8.0,8.0,8.0,8.0,8.0,8.0,0.32066065,1.1406921,4.3726,8.0,8.0,8.0,8.0,8.0,8.0,8.0,8.0,8.0,8.0,8.0
T47D_BREAST,8.0,2.1121786,0.0,8.0,8.0,8.0,8.0,8.0,8.0,8.0,1.7895261000000002,0.06439659,8.0,8.0,8.0,8.0,8.0,8.0,8.0,8.0,6.936302700000001,8.0,8.0,8.0
T84_LARGE_INTESTINE,0.05736312599999999,1.4448658,6.5129704,8.0,8.0,8.0,8.0,8.0,8.0,8.0,0.53340596,0.13484372,8.0,8.0,8.0,8.0,8.0,8.0,8.0,2.5149543,8.0,8.0,8.0,8.0
T98G_CENTRAL_NERVOUS_SYSTEM,0.005198572,3.3459800000000004,0.94937295,8.0,8.0,8.0,8.0,6.392864,8.0,8.0,0.15553784,0.1768874,8.0,8.0,4.3631577,8.0,8.0,6.434046299999999,8.0,8.0,2.5009074,2.5361526000000003,8.0,2.9432192
TC71_BONE,0.004245151,0.17630956,0.18791845,8.0,8.0,8.0,8.0,8.0,8.0,8.0,1.3666768,0.048327953,8.0,8.0,8.0,8.0,8.0,8.0,8.0,7.341859299999999,8.0,7.696756,8.0,5.883319999999999
TE11_OESOPHAGUS,0.002542614,0.07252492,0.0,0.98723966,0.63775015,8.0,0.0,0.0,0.0,0.0,0.17243634,0.16377933,3.2573779,8.0,1.5337306,0.031037038,0.006018946999999999,2.8216462000000004,8.0,7.2834454,0.0,2.8093197,0.0,1.533283
TE1_OESOPHAGUS,0.017809903000000002,1.0157144,0.0,7.821309599999999,8.0,8.0,0.0,8.0,0.0,8.0,0.07451365,0.02908108,8.0,8.0,7.190616599999999,8.0,8.0,6.1320014,8.0,8.0,0.0,4.546536,8.0,8.0
TE5_OESOPHAGUS,0.012177017,0.17255028,0.0,8.0,8.0,8.0,0.0,8.0,0.0,8.0,0.35054246,0.17070998,8.0,8.0,8.0,8.0,8.0,8.0,8.0,8.0,0.0,8.0,8.0,8.0
TE617T_SOFT_TISSUE,0.003053997,0.08647351,0.076531045,1.5173497,0.24292800000000003,5.759645,2.3583357000000005,0.9963658999999999,1.0121632,8.0,0.034616712,0.02433141,1.004897,0.92628014,0.37318757,8.0,3.1292150000000003,7.165521000000001,8.0,1.6470433,0.9007691999999999,1.415371,8.0,4.992334400000001
TE9_OESOPHAGUS,0.003389495,0.19302694,0.20357987,8.0,5.855279,7.270142999999999,6.0834002,8.0,8.0,8.0,0.08746749999999999,0.09746029,8.0,8.0,5.475280000000001,8.0,8.0,8.0,8.0,8.0,3.3090231,2.4459293,8.0,8.0
TEN_ENDOMETRIUM,0.036272764,3.6081724000000004,2.1470518,8.0,8.0,8.0,8.0,8.0,8.0,8.0,0.80981606,0.12774982,8.0,8.0,8.0,8.0,8.0,8.0,8.0,8.0,8.0,4.0354266,8.0,8.0
TOLEDO_HAEMATOPOIETIC_AND_LYMPHOID_TISSUE,0.24393393,0.06574400000000001,0.0,8.0,8.0,8.0,8.0,8.0,8.0,8.0,2.0390732,0.045727856,8.0,8.0,8.0,8.0,8.0,8.0,8.0,8.0,8.0,8.0,8.0,8.0
TOV21G_OVARY,0.003941573,0.22110626,0.34519336,6.919062599999999,8.0,7.6848235,8.0,2.7716830000000003,8.0,8.0,0.019315857,0.048657212000000005,8.0,8.0,1.3162565,8.0,8.0,8.0,8.0,6.567055,0.117165424,2.459191,3.9590416,2.151443
TT2609C02_THYROID,0.0025,0.18774821,0.10027902,8.0,8.0,8.0,4.903181,8.0,3.0439672000000004,8.0,0.07478773,0.023566611,0.029214961,0.35643959999999997,8.0,8.0,8.0,2.607459,8.0,1.4658753,0.21118989999999999,1.6754461999999999,8.0,1.9538862000000001
TYKNU_OVARY,0.002542614,0.11819041,0.09140726,8.0,5.343411,7.718305,8.0,6.369338,8.0,8.0,0.08577364,0.036695912000000004,3.7100188999999997,8.0,7.217175999999999,8.0,8.0,3.5569909,8.0,5.550396,8.0,2.6307142000000003,8.0,6.1943936
U2OS_BONE,0.026384344,1.2698405000000001,0.6587807,8.0,8.0,8.0,7.420892200000001,4.4577365,8.0,1.5580477,0.099057235,0.03450151,5.4279633,8.0,8.0,8.0,8.0,3.4353557,8.0,7.5050406,3.8673127,4.141691000000001,8.0,5.2368746
U87MG_CENTRAL_NERVOUS_SYSTEM,0.009391576,2.6046967999999997,0.79170954,8.0,8.0,8.0,8.0,8.0,8.0,8.0,0.106696405,0.07717921,6.600532,8.0,8.0,8.0,8.0,8.0,8.0,8.0,3.2748885,8.0,8.0,8.0
U937_HAEMATOPOIETIC_AND_LYMPHOID_TISSUE,0.004307028,0.50593,0.08081679,8.0,6.971769,8.0,5.434137000000001,8.0,1.6404528999999999,8.0,0.1326719,0.019916685,2.2015597999999996,8.0,8.0,8.0,8.0,4.7841353,8.0,2.27818,8.0,1.8882598000000002,8.0,3.4459794
UACC257_SKIN,8.0,2.0680003,0.0,8.0,8.0,8.0,0.0,7.215845599999999,0.0,8.0,0.17681947,0.08088634,0.0199565,0.23404844,8.0,8.0,8.0,8.0,8.0,8.0,2.7168388,8.0,1.0641423,8.0
UACC62_SKIN,0.015443877,0.21208721,0.0,8.0,8.0,8.0,0.0,8.0,0.0,0.0,0.06354362,0.038887445,0.010513669,0.035012472,8.0,8.0,8.0,8.0,8.0,8.0,1.0646983,5.0105433,0.24970062,6.8725586
UACC812_BREAST,0.002542614,0.7284666,1.588084,0.9121245000000001,8.0,8.0,8.0,0.6492839,8.0,8.0,0.20048873,0.0691723,0.03659121,8.0,3.7552017999999996,8.0,8.0,8.0,8.0,8.0,8.0,2.5351397999999996,8.0,8.0
UMUC3_URINARY_TRACT,0.008238792,0.6841314000000001,0.62640935,8.0,8.0,8.0,8.0,5.578776,8.0,8.0,0.29364622,0.13206391,8.0,8.0,4.39086,8.0,8.0,8.0,8.0,8.0,8.0,8.0,8.0,8.0
VMRCRCW_KIDNEY,8.0,8.0,0.34463699999999997,8.0,3.8950964999999997,7.122236999999999,7.079586,1.6254521999999998,8.0,8.0,8.0,0.008288045,8.0,8.0,4.103377,1.9360490000000001,8.0,0.81601,4.8059389999999995,2.2305292999999997,8.0,3.6158295,8.0,0.9363278
VMRCRCZ_KIDNEY,0.08729702,1.8333232,1.1910468,8.0,8.0,8.0,8.0,6.394829,8.0,8.0,0.8524901,0.06557757,8.0,8.0,8.0,8.0,8.0,7.681400999999999,8.0,8.0,5.1389318,2.9842854,8.0,7.115457000000001
WM115_SKIN,0.07777429,8.0,0.0,8.0,8.0,8.0,0.0,8.0,0.0,8.0,0.04751817,0.17020461,0.55552053,8.0,8.0,8.0,8.0,8.0,5.4722524,8.0,2.8096007999999997,8.0,8.0,8.0
WM1799_SKIN,0.020549456,1.0314856,1.0361228999999998,8.0,8.0,8.0,7.2041054,8.0,8.0,8.0,0.06831377,0.19508384,0.036501385,0.35059629999999997,8.0,8.0,8.0,8.0,8.0,8.0,0.20687114,8.0,1.2263979999999999,7.4116645000000005
WM2664_SKIN,0.010564829,0.13632249999999999,0.0,8.0,8.0,8.0,0.0,7.400742,0.0,8.0,0.021235577999999998,0.03519366,0.019812323,0.16527049,8.0,8.0,8.0,8.0,8.0,8.0,1.2204966999999998,8.0,1.5786950000000002,8.0
WM793_SKIN,0.009883286,0.14945257,0.054842666,8.0,4.641666000000001,8.0,6.826157000000001,8.0,2.2772349999999997,6.3016014,0.053718675,0.09419117,0.22173892,8.0,8.0,8.0,8.0,3.2322059,8.0,8.0,0.8380384,6.1798515,8.0,4.039272
WM88_SKIN,0.005031998,0.76815635,0.2451812,8.0,8.0,8.0,6.7766333,8.0,8.0,8.0,0.04154739,0.09528705,0.0033946540000000004,0.051433355,8.0,8.0,8.0,2.7329967,8.0,8.0,0.31153715,8.0,0.204084,6.139542
WM983B_SKIN,0.007563736999999999,0.116963975,0.38557824,8.0,5.6891203,7.312819,7.7914495,3.6467330000000002,0.5129260999999999,7.839232400000001,0.05049546,0.12147053,0.006414421,0.08777034,3.3268623,5.509027,8.0,1.557569,8.0,6.312064599999999,0.36696824,0.44195107,0.51123476,6.6635594
YKG1_CENTRAL_NERVOUS_SYSTEM,0.010191021,6.475792,1.7126322,8.0,8.0,8.0,7.677743400000001,8.0,7.338364,8.0,0.21457453,0.07288567,8.0,8.0,8.0,8.0,8.0,8.0,8.0,8.0,0.0,6.361809,8.0,8.0
ZR751_BREAST,0.005975601999999999,0.5304591,0.0,8.0,8.0,8.0,0.0,8.0,0.0,8.0,0.32722598,0.05000298,8.0,8.0,8.0,8.0,2.7321706000000003,0.6634555999999999,8.0,8.0,2.8703132,8.0,8.0,3.8588858
ZR7530_BREAST,0.028183434,8.0,1.5599875,8.0,0.16659342,0.17081115,8.0,8.0,8.0,8.0,0.08687161,0.029439772000000003,8.0,8.0,8.0,1.3241813999999998,8.0,8.0,8.0,8.0,3.5978222,8.0,8.0,8.0
